X;Y;Type
5.06316;36.7512;Green zones
5.0785;36.7544;Green zones
5.07683;36.7528;Green zones
5.04414;36.751;Green zones
5.07504;36.7535;Green zones
4.5567;36.4698;Green zones
5.08938;36.7615;Green zones
5.0865;36.7571;Green zones
5.08358;36.753;Orange zones
5.07465;36.7529;Green zones
5.07138;36.7559;Green zones
5.05688;36.7497;Green zones
5.04951;36.7463;Red zones
5.04683;36.7341;Green zones
5.04326;36.7414;Green zones
5.0552;36.7571;Green zones
5.0697;36.7434;Green zones
5.07392;36.7164;Green zones
5.16766;36.66577;Green zones
4.53511;36.4642;Green zones
4.8543;36.6795;Green zones
5.33635;36.627;Green zones
5.35642;36.6391;Green zones
4.90578;36.6455;Green zones
4.68886;36.6123;Green zones
5.26369;36.481;Orange zones
5.27049;36.5388;Orange zones
5.3219;36.5577;Green zones
5.22975;36.6369;Orange zones
4.39214;36.3851;Orange zones
4.48056;36.3485;Orange zones
4.67994;36.4392;Green zones
4.75981;36.5032;Green zones
4.69805;36.5269;Green zones
4.67331;36.5594;Green zones
4.95353;36.5751;Orange zones
4.76506;36.6213;Orange zones
4.61422;36.5407;Green zones
4.97749;36.7126;Green zones
5.03721;36.7018;Orange zones
5.26682;36.3995;Green zones
4.65997;36.6159;Orange zones
4.63214;36.629;Green zones
4.9146;36.7479;Green zones
4.61971;36.5968;Green zones
4.697;36.7009;Green zones
4.9521;36.8271;Green zones
5.04922;36.7387;Green zones
4.85705;36.5547;Green zones
4.48612;36.3758;Green zones
4.56543;36.4827;Green zones
5.03594;36.7416;Green zones
5.06582;36.7526;Green zones
5.05626;36.7516;Green zones
4.66492;36.6413;Green zones
4.68511;36.8823;Green zones
5.15148;36.6688;Green zones
5.24614;36.638;Green zones
4.6452;36.5707;Green zones
4.41357;36.3514;Orange zones
4.82217;36.6094;Green zones
4.493;36.46;Orange zones
4.41399;36.4288;Red zones
5.11628;36.6217;Green zones
5.22985;36.5363;Orange zones
5.2008;36.6048;Green zones
5.16766;36.66577;Green zones
4.40345;36.3821;Green zones
4.39098;36.3899;Green zones
4.53125;36.4568;Green zones
4.5283;36.4683;Green zones
4.60155;36.5285;Green zones
4.63155;36.5919;Green zones
4.77122;36.6243;Orange zones
4.96345;36.7069;Green zones
5.01475;36.7102;Green zones
5.05638;36.7302;Green zones
5.06166;36.737;Green zones
5.0623;36.7488;Green zones
5.03962;36.7441;Green zones
5.07144;36.749;Green zones
5.33186;36.6225;Green zones
5.34355;36.6214;Green zones
4.56589;36.7336;Green zones
4.6271;36.8819;Green zones
4.71844;36.8796;Green zones
4.91966;36.8482;Green zones
4.84009;36.8659;Green zones
5.13489;36.6778;Green zones
5.18391;36.6573;Green zones
5.25971;36.6391;Green zones
5.32218;36.6395;Green zones
5.42232;36.6503;Green zones
5.06042;36.7669;Green zones
5.03263;36.7475;Green zones
5.0728;36.7527;Green zones
5.05046;36.7334;Green zones
5.37571;36.573;Green zones
4.63037;36.6024;Green zones
4.50815;36.4913;Green zones
4.63392;36.4744;Green zones
4.80468;36.5548;Green zones
4.71757;36.5608;Orange zones
5.27867;36.4929;Green zones
4.52673;36.4526;Green zones
4.65446;36.5816;Orange zones
4.94173;36.6965;Green zones
4.68972;36.5472;Red zones
4.8181;36.6168;Orange zones
5.05502;36.7353;Green zones
5.04121;36.7344;Green zones
5.05988;36.7422;Green zones
5.07283;36.7602;Green zones
5.04709;36.752;Green zones
4.79468;36.6937;Green zones
4.5492;36.4658;Green zones
5.00195;36.7771;Green zones
5.31353;36.4495;Green zones
5.34619;36.5911;Green zones
5.05532;36.748;Orange zones
5.13972;36.677;Green zones
5.36482;36.64172;Green zones
5.24072;36.6324;Green zones
5.04973;36.7497;Green zones
4.58615;36.5162;Orange zones
4.85035;36.6841;Green zones
4.65514;36.4003;Orange zones
5.0298;36.539;Green zones
4.76054;36.7208;Green zones
4.74538;36.8038;Green zones
5.07232;36.7249;Green zones
4.4857;36.364;Green zones
4.47262;36.411;Green zones
5.02718;36.7735;Green zones
4.85162;36.6757;Green zones
4.8557;36.7786;Green zones
4.6737;36.4829;Green zones
5.06664;36.7315;Red zones
4.51979;36.4682;Green zones
5.05636;36.7013;Green zones
4.3983;36.388;Green zones
4.6197;36.6395;Green zones
4.68907;36.7507;Green zones
4.6804;36.6318;Green zones
5.28242;36.4894;Green zones
4.41898;36.4449;Green zones
4.67743;36.6104;Orange zones
5.2029;36.4574;Green zones
5.2368;36.6012;Green zones
4.5028;36.5117;Green zones
5.3415;36.5309;Green zones
4.6026;36.5402;Green zones
5.2385;36.5538;Green zones
4.3588;36.3367;Green zones
5.04656;36.7276;Green zones
4.39848;36.3936;Green zones
4.54069;36.4569;Green zones
4.85671;36.6871;Orange zones
4.69613;36.6187;Orange zones
4.37895;36.3705;Orange zones
4.53546;36.4532;Orange zones
4.4652;36.3853;Orange zones
4.6701;36.6112;Green zones
4.7752;36.6139;Orange zones
4.6083;36.4957;Orange zones
5.2978;36.6236;Green zones
4.7147;36.6121;Green zones
4.6863;36.6027;Orange zones
4.9253;36.5839;Green zones
5.23166;36.4806;Orange zones
5.1586;36.6664;Green zones
5.19046;36.6525;Green zones
5.0585;36.7599;Green zones
4.68706;36.5449;Green zones
4.57921;36.729;Green zones
4.8919;36.5446;Green zones
5.27765;36.4303;Green zones
4.44945;36.3978;Green zones
4.85259;36.6904;Green zones
4.56261;36.7289;Green zones
5.06899;36.7593;Green zones
5.2183;36.6427;Green zones
4.9541;36.5343;Green zones
5.25391;36.4383;Orange zones
5.08371;36.768;Green zones
4.7406;36.6067;Red zones
4.58359;36.5924;Green zones
5.04012;36.7287;Green zones
5.0731;36.6462;Orange zones
4.559;36.5443;Green zones
5.04983;36.7563;Green zones
4.834646;36.869801;Green zones
5.03711;36.7596;Green zones
4.9524;36.6795;Green zones
4.8945;36.6464;Orange zones
4.61495;36.5938;Green zones
5.04041;36.7553;Green zones
4.94735;36.6323;Orange zones
5.22586;36.41661;Green zones
5.2016;36.4381;Green zones
5.29655;36.46063;Green zones
5.188921;36.472708;Green zones
4.895096;36.751987;Green zones
4.5242;36.4594;Green zones
5.093921;36.758373;Green zones
4.600117;36.548957;Green zones
4.75705;36.89418;Green zones
4.708679;36.520216;Green zones
5.227901;36.475145;Green zones
4.538895;36.463856;Orange zones
4.530671;36.464228;Green zones
5.0234;36.7558;Green zones
4.8615;36.6749;Green zones
5.2794505;36.550037;Green zones
4.98606;36.73101;Green zones
5.090101;36.758977;Green zones
4.98385;36.72792;Green zones
4.8445045;36.680655;Orange zones
5.0883;36.7552;Green zones
4.693334;36.602525;Green zones
4.5644;36.4769;Green zones
4.47603;36.41659;Green zones
5.0658028;36.650355;Green zones
5.027656;36.725095;Green zones
4.9800335;36.718374;Green zones
4.978809;36.721682;Green zones
4.9768;36.7305;Green zones
4.98315;36.72345;Green zones
4.976981;36.725133;Green zones
4.77579;36.61206;Green zones
5.26184;36.47777;Green zones
4.572929;36.480134;Green zones
4.5048536;36.462751;Green zones
5.0426;36.7241;Green zones
4.69345;36.60815;Green zones
5.01014;36.757827;Green zones
5.274005;36.48246;Green zones
4.893215;36.635893;Green zones
4.912473;36.641215;Green zones
5.0337;36.7622;Green zones
4.81301;36.566574;Green zones
5.307;36.5657;Green zones
4.7737;36.6477;Green zones
4.82739;36.621404;Green zones
5.2171;36.6131;Green zones
5.043027;36.728673;Green zones
4.990289;36.712269;Green zones
5.041242;36.751805;Green zones
4.914349;36.662556;Green zones
5.03858;36.744097;Green zones
5.084269;36.75983;Green zones
5.076054;36.759673;Green zones
5.082;36.75667;Green zones
5.063256;36.722563;Green zones
5.054711;36.740009;Green zones
5.075302;36.725456;Green zones
5.01624;36.778811;Green zones
4.380185;36.342212;Green zones
4.443239;36.369211;Green zones
4.538137;36.433618;Green zones
4.747075;36.627026;Green zones
4.903515;36.664398;Green zones
4.533577;36.459918;Green zones
4.662144;36.881048;Green zones
4.6669;36.6951;Green zones
4.51718;36.43362;Green zones
4.5012;36.3718;Green zones
4.6501;36.4409;Green zones
4.401681;36.453324;Green zones
4.6096;36.6311;Green zones
2.83114;36.4706;Green zones
2.8236;36.4722;Green zones
2.8297;36.4711;Green zones
2.91193;36.572;Green zones
3.22345;36.6198;Green zones
2.82891;36.4716;Green zones
2.84626;36.4454;Green zones
2.855;36.5105;Green zones
3.2325;36.6311;Green zones
2.9018;36.5673;Green zones
2.912872;36.578421;Green zones
3.1516;36.5671;Green zones
2.90456;36.5656;Green zones
2.9152;36.5791;Green zones
2.86024;36.522;Green zones
2.8632;36.5005;Green zones
2.8569;36.489;Green zones
2.8492;36.4962;Green zones
2.80497;36.4797;Green zones
2.82492;36.4689;Green zones
2.83555;36.4646;Green zones
2.82518;36.4894;Green zones
2.8173;36.4766;Green zones
2.80379;36.4873;Green zones
2.82945;36.476;Green zones
2.7874;36.5559;Green zones
2.90958;36.5182;Green zones
2.81585;36.5179;Green zones
2.82264;36.5405;Green zones
2.6324;36.4655;Green zones
2.6852;36.4626;Green zones
2.73295;36.4571;Green zones
2.9947;36.5322;Green zones
3.08967;36.5404;Green zones
3.15573;36.5656;Green zones
3.22174;36.6208;Green zones
3.17936;36.5928;Green zones
3.01207;36.581;Green zones
2.87596;36.6208;Green zones
2.56197;36.4306;Green zones
3.11895;36.5538;Green zones
2.86242;36.509;Green zones
2.84472;36.4878;Green zones
2.8385;36.4798;Green zones
2.75825;36.4211;Green zones
3.22712;36.6214;Green zones
3.08181;36.5417;Green zones
3.1467;36.5627;Green zones
2.9133;36.573;Green zones
2.6257;36.4709;Green zones
2.742;36.4633;Green zones
2.85047;36.4991;Green zones
2.82764;36.4813;Green zones
2.81121;36.472;Green zones
2.88479;36.5002;Green zones
2.83597;36.4737;Green zones
2.6901;36.4694;Green zones
2.88655;36.5268;Green zones
2.83362;36.4861;Green zones
2.81196;36.4627;Green zones
2.79939;36.4765;Green zones
2.81617;36.4908;Green zones
2.79635;36.55;Green zones
3.1614;36.5708;Green zones
2.81362;36.4852;Green zones
2.85102;36.5159;Green zones
3.0831;36.5719;Green zones
3.07341;36.5442;Green zones
3.0893;36.5326;Green zones
3.16205;36.5577;Green zones
3.17058;36.5615;Green zones
3.21519;36.6147;Green zones
2.61852;36.4661;Green zones
2.62949;36.4601;Green zones
2.69485;36.4671;Orange zones
2.76805;36.4591;Green zones
2.81191;36.4817;Green zones
2.81962;36.4861;Green zones
2.80055;36.4833;Green zones
2.91285;36.5672;Green zones
2.91094;36.5756;Green zones
2.9131;36.5851;Green zones
2.9193;36.5326;Green zones
2.99084;36.5162;Green zones
3.01099;36.524;Green zones
2.81407;36.5459;Green zones
2.81589;36.5238;Green zones
2.80492;36.5769;Green zones
2.82244;36.473;Green zones
2.68958;36.4661;Green zones
2.86348;36.4967;Green zones
2.85333;36.4877;Green zones
2.86092;36.489;Green zones
2.83223;36.4697;Green zones
2.91938;36.5762;Green zones
2.68969;36.4066;Green zones
2.87897;36.52145;Green zones
2.6217;36.4464;Green zones
2.81553;36.4693;Green zones
2.8525;36.507;Green zones
2.85873;36.4955;Green zones
2.82321;36.4796;Green zones
2.86225;36.5052;Green zones
3.1406;36.5727;Green zones
2.69053;36.42811;Green zones
2.88298;36.5086;Green zones
2.83703;36.5786;Green zones
2.9046;36.5698;Green zones
2.9085;36.5797;Green zones
2.81324;36.5685;Green zones
3.10264;36.5401;Green zones
2.73275;36.4882;Green zones
2.80899;36.4762;Green zones
2.71583;36.5592;Green zones
2.84962;36.492;Green zones
3.22404;36.5972;Orange zones
2.8745;36.4958;Orange zones
2.69464;36.45912;Green zones
2.80708;36.517;Green zones
3.21497;36.6253;Green zones
3.09161;36.5517;Green zones
2.9127;36.5451;Green zones
3.0772;36.5394;Green zones
2.53795;36.4006;Green zones
3.26808;36.5838;Green zones
2.84316;36.5;Green zones
2.86946;36.6116;Green zones
3.2265;36.6177;Green zones
2.74607;36.4378;Green zones
2.83897;36.4472;Green zones
2.787;36.4872;Green zones
2.83214;36.4948;Green zones
2.88454;36.4308;Green zones
2.71216;36.42544;Green zones
3.13449;36.5951;Green zones
3.20212;36.6529;Green zones
3.23545;36.6411;Green zones
2.920856;36.5705;Green zones
2.90416;36.5625;Green zones
2.97168;36.5317;Green zones
3.172;36.5665;Green zones
2.7919;36.4603;Green zones
2.6303;36.4708;Green zones
2.73616;36.4488;Green zones
2.82691;36.487;Green zones
2.83044;36.4791;Green zones
2.84039;36.4846;Green zones
2.85973;36.5273;Green zones
2.82001;36.5327;Green zones
2.6488;36.475;Green zones
2.7467;36.4646;Red zones
2.6858;36.4689;Green zones
2.85727;36.4931;Green zones
2.90616;36.5827;Green zones
3.08519;36.5478;Green zones
2.99231;36.525;Green zones
2.8929;36.51857;Green zones
2.89367;36.5024;Green zones
2.8482;36.4845;Green zones
2.86479;36.4902;Green zones
2.8311;36.4671;Green zones
2.951549;36.555081;Green zones
2.7422;36.5215;Green zones
2.8636;36.5133;Green zones
3.04211;36.5252;Green zones
2.5587;36.4253;Green zones
2.84772;36.50195;Green zones
3.22054;36.6167;Green zones
3.2106;36.6151;Red zones
2.84428;36.4808;Orange zones
3.0094;36.5631;Green zones
2.73584;36.4468;Green zones
2.69828;36.4664;Green zones
2.6884;36.4604;Green zones
2.91014;36.5388;Green zones
2.9068;36.5755;Green zones
2.7897;36.5508;Green zones
2.7931;36.5569;Green zones
2.7788;36.4528;Red zones
2.8366;36.4699;Green zones
2.82818;36.4731;Green zones
3.0122;36.533;Green zones
3.2382;36.5065;Green zones
2.75564;36.4996;Green zones
3.1341;36.5562;Green zones
2.88525;36.5408;Orange zones
2.8981;36.5856;Green zones
2.9067;36.5097;Green zones
2.84678;36.5135;Green zones
2.8544;36.5221;Green zones
3.23597;36.6479;Green zones
2.7437;36.4402;Green zones
3.10171;36.5515;Green zones
2.8591;36.5836;Green zones
3.23396;36.6226;Green zones
2.967624;36.53581;Green zones
2.6222;36.4559;Green zones
2.844888;36.508033;Green zones
3.1096;36.5298;Green zones
2.9209;36.5788;Green zones
3.118;36.5393;Green zones
3.0743;36.5206;Green zones
2.8329;36.482;Green zones
3.192848;36.582213;Orange zones
3.083437;36.566215;Green zones
2.7364;36.4324;Green zones
3.212;36.611;Green zones
2.827589;36.533024;Green zones
2.9873;36.5774;Green zones
3.1738;36.5854;Green zones
3.213064;36.594824;Red zones
3.160037;36.550524;Green zones
2.953098;36.532246;Green zones
2.90917;36.53148;Green zones
2.637418;36.453766;Green zones
2.7366;36.4608;Green zones
2.6952;36.4637;Green zones
3.0075;36.4929;Green zones
2.8791;36.5281;Green zones
3.220428;36.604912;Green zones
3.200112;36.646989;Green zones
2.873626;36.500526;Green zones
2.83932;36.5885;Green zones
2.810745;36.487695;Green zones
3.156743;36.573748;Green zones
2.9782311;36.518334;Orange zones
2.8418;36.4662;Green zones
2.8565;36.4812;Green zones
2.988;36.5351;Green zones
2.6239;36.466;Green zones
2.9206;36.5474;Green zones
2.8155;36.5394;Green zones
2.818305;36.481424;Green zones
2.834296;36.478203;Green zones
2.989662;36.584744;Green zones
3.0534;36.6;Orange zones
2.854691;36.499209;Green zones
2.83687;36.48773;Green zones
3.00509;36.52201;Green zones
3.163617;36.56384;Green zones
2.8129;36.4662;Green zones
2.812155;36.514348;Green zones
3.094875;36.544909;Green zones
2.807919;36.528307;Green zones
2.82338;36.5195;Green zones
2.825244;36.497019;Green zones
2.857889;36.429528;Orange zones
2.9163725;36.589005;Green zones
2.784812;36.502273;Green zones
2.77589;36.47471;Orange zones
2.70851;36.44732;Green zones
2.657486;36.451505;Orange zones
2.68539;36.46519;Green zones
3.223877;36.625694;Green zones
3.170025;36.584198;Green zones
3.004698;36.529868;Green zones
3.208983;36.600879;Green zones
3.216768;36.588871;Green zones
2.856624;36.589737;Green zones
2.600925;36.504771;Green zones
2.853358;36.484022;Green zones
2.99741;36.503584;Green zones
2.6318;36.45;Green zones
2.871648;36.615905;Green zones
2.825755;36.536031;Green zones
2.9148;36.490255;Green zones
3.187074;36.57853;Green zones
3.110328;36.538483;Green zones
2.7129;36.4179;Green zones
2.6945;36.4264;Green zones
3.082756;36.577635;Green zones
2.920128;36.53868;Green zones
2.951606;36.603052;Green zones
3.197246;36.640257;Green zones
2.581744;36.440564;Green zones
3.0064;36.5744;Green zones
2.785956;36.561678;Green zones
2.91448;36.51886;Green zones
3.1713;36.5476;Green zones
3.1064;36.5634;Green zones
3.278214;36.631063;Green zones
2.9193;36.5271;Green zones
2.8761;36.6297;Green zones
2.635546;36.461882;Green zones
3.24381;36.64261;Green zones
2.806936;36.456933;Orange zones
3.2013;36.581266;Green zones
3.13523;36.601878;Green zones
2.852138;36.453409;Green zones
2.6331;36.4508;Green zones
2.631241;36.452406;Green zones
2.8307;36.4864;Green zones
2.8821;36.5;Green zones
2.8728;36.5032;Green zones
2.671833;36.49723;Green zones
2.797336;36.5762;Green zones
3.88577;36.3724;Red zones
3.89588;36.3733;Green zones
3.58792;36.5647;Green zones
3.59528;36.5645;Green zones
3.90108;36.3977;Green zones
3.8432;36.3663;Green zones
3.5985055;36.563293;Green zones
3.90993;36.3707;Green zones
3.90292;36.3679;Green zones
3.89977;36.3782;Green zones
3.89207;36.3802;Green zones
3.8845;36.3772;Green zones
3.60242;36.5372;Red zones
3.71535;36.4909;Green zones
3.69842;36.1395;Orange zones
3.76071;36.4784;Orange zones
3.67916;36.2981;Green zones
3.90745;36.4598;Red zones
4.2682;36.3622;Green zones
3.67736;36.5377;Green zones
3.59551;36.566;Green zones
3.52195;36.5727;Green zones
3.4281;36.4334;Green zones
3.58385;36.2635;Green zones
3.99776;36.3974;Green zones
4.00788;36.3237;Green zones
4.06708;36.0795;Green zones
4.04278;36.2547;Green zones
3.75409;35.9984;Green zones
3.8186;36.2175;Green zones
4.32053;36.3619;Green zones
4.34536;36.422;Green zones
3.89166;36.2731;Green zones
3.88202;36.4271;Green zones
3.58253;36.5664;Orange zones
4.25758;36.3299;Green zones
4.15468;36.3289;Green zones
4.06656;36.3134;Orange zones
4.12765;36.4482;Green zones
3.68766;36.1436;Green zones
3.67378;36.2937;Green zones
3.89529;36.3726;Green zones
4.30314;36.3286;Green zones
3.83458;36.4743;Green zones
3.66875;36.5406;Green zones
3.59834;36.561;Green zones
3.75337;36.1823;Green zones
3.62412;36.3867;Green zones
3.64629;36.2354;Green zones
3.5756;36.1302;Green zones
4.24662;36.3892;Green zones
4.10935;36.2109;Green zones
3.9788;36.082;Green zones
3.98613;36.0199;Green zones
3.80707;36.3401;Green zones
3.692;36.15;Green zones
4.2885;36.3531;Green zones
4.31617;36.3298;Green zones
4.18596;36.339;Green zones
3.99603;36.411;Green zones
3.76977;36.4952;Green zones
3.68277;36.5318;Green zones
3.67634;36.2883;Green zones
3.81253;36.2175;Green zones
4.04522;36.3087;Green zones
4.32851;36.3612;Green zones
3.58857;36.26174;Green zones
3.60052;36.3141;Green zones
3.8508;35.9599;Green zones
3.54871;36.0323;Green zones
3.45774;36.0724;Green zones
3.9203;36.2908;Green zones
3.74925;36.3212;Green zones
3.60788;36.4199;Green zones
3.81914;36.3912;Green zones
3.57083;36.4935;Green zones
3.51662;36.4897;Green zones
3.3846;36.5542;Green zones
3.59828;36.57478;Orange zones
4.1565;36.3512;Green zones
3.77013;36.094;Green zones
3.89188;36.3758;Orange zones
3.90488;36.375;Green zones
3.56726;36.6005;Orange zones
3.90219;36.4437;Green zones
3.58895;36.5661;Green zones
4.3668;36.2783;Green zones
3.74698;36.0789;Green zones
3.88424;36.3844;Green zones
3.77356;36.4533;Orange zones
3.9364;36.3381;Green zones
4.15777;36.3167;Green zones
4.22508;36.2762;Green zones
4.3106;36.4151;Green zones
3.7233;36.172;Green zones
3.829;36.2609;Green zones
4.3662;36.4175;Green zones
3.69562;36.1476;Green zones
3.8997;36.3834;Green zones
3.73303;36.4674;Green zones
3.58941;36.5621;Green zones
3.95872;36.4067;Green zones
3.87977;36.382;Green zones
4.11919;36.3571;Green zones
4.2123;36.4104;Green zones
4.04201;36.248;Green zones
3.67958;36.2939;Green zones
3.68766;36.1593;Green zones
3.66791;36.2978;Green zones
3.76926;36.4917;Green zones
3.877;36.3703;Green zones
3.90104;36.39;Green zones
3.64116;36.5582;Green zones
3.67438;36.5355;Green zones
3.68258;36.1454;Green zones
3.68976;36.1473;Green zones
3.81509;36.2195;Green zones
3.88376;36.3917;Green zones
4.02086;36.317728;Green zones
4.09813;36.3088;Green zones
3.5029;36.5988;Green zones
3.4681;36.4523;Green zones
3.87525;36.38039;Red zones
3.792806;36.439277;Green zones
4.07048;36.3118;Green zones
4.26594;36.352;Green zones
3.599512;36.555172;Green zones
3.90109;36.3566;Green zones
4.04489;36.0318;Green zones
3.67089;36.29042;Green zones
3.89775;36.3674;Green zones
4.206608;36.294523;Green zones
3.83929;36.4443;Green zones
3.638142;36.385353;Green zones
3.6985;36.1314;Green zones
3.912742;36.364214;Green zones
4.058378;36.404695;Green zones
3.878918;36.35872;Red zones
3.7595;36.5164;Green zones
3.89481;36.40065;Green zones
3.794666;36.459943;Green zones
3.703772;36.154875;Green zones
3.87082;36.44359;Green zones
3.89358;36.391041;Green zones
3.89047;36.40214;Green zones
3.6616;36.2962;Green zones
3.672825;36.300018;Green zones
3.7025;36.1372;Green zones
3.8119118;36.3412889;Green zones
3.7561;36.4774;Green zones
4.232864;36.282395;Green zones
4.008583;36.306736;Green zones
3.643964;36.549952;Green zones
3.566052;36.568791;Green zones
3.824938;36.371264;Green zones
3.803951;36.419384;Green zones
3.532212;36.579733;Green zones
3.506717;36.582442;Green zones
4.249228;36.260198;Green zones
3.611493;36.554724;Green zones
3.5893;36.2673;Green zones
3.95417;36.41646;Green zones
3.614309;36.561358;Green zones
4.332305;36.336821;Green zones
4.338322;36.369165;Green zones
3.9576;36.3293;Green zones
3.8803163;36.374534;Green zones
4.122899;36.320622;Green zones
3.883108;36.376816;Green zones
3.873348;36.378862;Green zones
3.873448;36.382316;Green zones
3.878081;36.384945;Green zones
3.876581;36.38664;Green zones
4.3813;36.4108;Green zones
4.2505;36.3979;Green zones
3.89586;36.39596;Green zones
3.85077;36.36584;Green zones
4.2519;36.3018;Green zones
4.323794;36.319893;Green zones
4.04028;36.71368;Green zones
4.0546;36.7058;Green zones
3.95257;36.5431;Green zones
4.05315;36.7101;Green zones
4.03732;36.703;Green zones
4.03551;36.6991;Green zones
4.0528;36.70135;Green zones
4.0635;36.7319;Red zones
3.84567;36.5534;Green zones
4.0527;36.702292;Green zones
4.04572;36.7146;Green zones
4.05614;36.7102;Green zones
4.04024;36.7001;Green zones
4.0303;36.7198;Green zones
4.05671;36.716;Green zones
4.02215;36.7194;Green zones
4.13521;36.6923;Red zones
4.38511;36.7597;Green zones
4.10139;36.8279;Green zones
3.96297;36.7317;Green zones
3.97303;36.7326;Green zones
3.9019;36.7442;Green zones
3.83444;36.5347;Green zones
3.90116;36.5433;Green zones
3.95436;36.5419;Green zones
4.00028;36.5985;Green zones
4.15164;36.6613;Green zones
4.21939;36.6247;Green zones
4.20933;36.679;Green zones
4.26991;36.6775;Green zones
4.32143;36.5716;Green zones
3.76967;36.5846;Green zones
4.0961;36.5491;Green zones
4.2128;36.5458;Green zones
4.3277;36.5912;Green zones
4.0415;36.802;Green zones
4.15063;36.8147;Green zones
4.12347;36.8899;Green zones
4.29734;36.8191;Green zones
4.23624;36.8033;Green zones
4.31939;36.7611;Green zones
3.87464;36.6589;Green zones
4.41464;36.8912;Green zones
4.44143;36.7415;Green zones
4.47955;36.6165;Green zones
4.08251;36.6189;Green zones
4.36669;36.54612;Green zones
4.14056;36.7438;Green zones
3.9745;36.67063;Green zones
4.03691;36.7102;Green zones
4.31119;36.7439;Green zones
4.31214;36.5721;Green zones
4.05165;36.7094;Green zones
4.22072;36.6475;Green zones
4.03813;36.6958;Green zones
3.79084;36.6261;Green zones
4.06338;36.5339;Green zones
4.17845;36.7687;Green zones
3.9665;36.5364;Green zones
4.04887;36.7162;Green zones
3.92412;36.702;Green zones
4.00947;36.5933;Green zones
4.01873;36.5083;Green zones
4.34011;36.6409;Red zones
4.20724;36.576;Green zones
4.41938;36.6714;Green zones
4.36994;36.7456;Green zones
4.16935;36.813;Green zones
3.98071;36.7596;Green zones
4.10859;36.6087;Green zones
4.07486;36.6493;Green zones
3.88861;36.5075;Green zones
4.21903;36.8666;Green zones
4.05417;36.7034;Green zones
4.06397;36.7023;Green zones
4.47004;36.6012;Green zones
4.45511;36.6383;Green zones
4.37046;36.5339;Green zones
4.11541;36.5154;Green zones
3.95088;36.5016;Green zones
4.09599;36.7061;Green zones
4.08703;36.6314;Green zones
4.04493;36.6275;Green zones
4.00516;36.5462;Green zones
4.23697;36.5439;Green zones
4.43139;36.5873;Green zones
4.31618;36.6612;Green zones
3.90014;36.7395;Green zones
3.96959;36.7268;Green zones
4.01412;36.7413;Green zones
3.8576;36.6177;Green zones
3.7919;36.6056;Green zones
4.13718;36.8878;Green zones
4.00449;36.5053;Green zones
4.16151;36.6802;Green zones
3.82848;36.5365;Green zones
4.41617;36.6176;Green zones
4.31774;36.7578;Green zones
3.98332;36.58542;Green zones
4.0826;36.5546;Green zones
4.27911;36.6825;Green zones
4.35623;36.7486;Green zones
4.17649;36.8913;Green zones
4.20022;36.6375;Green zones
4.29067;36.9011;Green zones
4.4734;36.8699;Green zones
4.08453;36.53267;Green zones
4.55751;36.882;Green zones
4.18193;36.548;Green zones
4.50231;36.6532;Green zones
4.39202;36.5215;Green zones
4.33801;36.5447;Green zones
4.3796;36.57582;Green zones
4.27532;36.5048;Green zones
4.42169;36.892;Green zones
3.95731;36.7337;Green zones
3.967;36.7385;Green zones
3.95844;36.5379;Green zones
4.05414;36.7222;Green zones
4.25702;36.6921;Green zones
4.36291;36.7452;Green zones
3.78399;36.596;Green zones
4.50385;36.73404;Green zones
4.41033;36.7581;Green zones
4.04215;36.7869;Green zones
4.06015;36.7054;Green zones
4.34318;36.57929;Green zones
4.3389;36.6249;Green zones
3.9147;36.6321;Red zones
4.046;36.7051;Green zones
4.50481;36.5657;Green zones
4.2029;36.4972;Green zones
4.23633;36.7223;Orange zones
4.41639;36.7947;Green zones
4.58898;36.7901;Green zones
4.22157;36.6527;Green zones
4.04048;36.7182;Green zones
4.26802;36.6652;Green zones
4.30387;36.6847;Green zones
4.10319;36.6872;Green zones
4.35911;36.8635;Green zones
3.90485;36.6628;Green zones
4.24678;36.7692;Green zones
4.05848;36.6953;Green zones
4.13835;36.8315;Green zones
3.85123;36.5116;Green zones
4.49909;36.602;Green zones
4.26254;36.5723;Green zones
3.98476;36.6174;Green zones
4.0978;36.8085;Green zones
4.03915;36.6826;Green zones
4.03714;36.7041;Green zones
3.9214;36.5863;Green zones
3.97436;36.5002;Green zones
3.8221;36.5211;Green zones
4.36236;36.6051;Green zones
4.19304;36.7572;Orange zones
4.0336;36.6418;Green zones
4.0787;36.7473;Green zones
4.20682;36.6322;Green zones
4.20574;36.5246;Green zones
4.18529;36.6619;Green zones
4.07346;36.8887;Green zones
4.04953;36.6976;Green zones
4.46791;36.6368;Green zones
4.2007;36.7051;Green zones
4.00606;36.77149;Green zones
4.26476;36.7326;Orange zones
4.33241;36.83376;Green zones
4.37669;36.72;Green zones
4.01947;36.4995;Green zones
3.84056;36.5358;Green zones
3.9596;36.7273;Green zones
3.98933;36.50555;Green zones
4.16604;36.71901;Green zones
4.366441;36.79484;Green zones
4.22272;36.8311;Green zones
4.44913;36.6779;Green zones
4.07218;36.5963;Green zones
3.97445;36.65019;Green zones
4.08054;36.8634;Green zones
4.27005;36.8294;Green zones
3.93015;36.4684;Green zones
4.34122;36.524;Green zones
4.12506;36.70299;Green zones
3.973782;36.627386;Green zones
3.83186;36.58739;Orange zones
4.06245;36.7882;Green zones
4.13786;36.7636;Green zones
3.89577;36.4888;Green zones
3.797889;36.567069;Green zones
4.51236;36.5904;Green zones
4.009456;36.727649;Green zones
4.0634;36.7167;Green zones
4.191926;36.712497;Green zones
4.14524;36.6607;Green zones
4.210578;36.82253;Green zones
4.24884;36.818324;Green zones
3.82785;36.6658;Green zones
3.848095;36.642299;Green zones
4.055913;36.54701;Green zones
4.52156;36.67286;Green zones
3.936915;36.742114;Green zones
4.043562;36.730875;Green zones
4.37496;36.739339;Green zones
4.309078;36.7354;Green zones
4.021403;36.743068;Green zones
4.057139;36.733649;Green zones
4.01371;36.616577;Green zones
3.849773;36.537777;Green zones
3.755457;36.605372;Green zones
4.4844;36.6287;Green zones
4.1124;36.8898;Green zones
4.038932;36.720861;Green zones
4.47813;36.625498;Green zones
4.263493;36.615363;Green zones
4.3039631;36.52311;Green zones
4.01823;36.58273;Green zones
4.06054;36.61273;Green zones
4.103477;36.750218;Green zones
4.150021;36.670187;Green zones
4.30224;36.78385;Green zones
3.947833;36.655233;Green zones
4.21299;36.81154;Green zones
4.0095;36.69258;Green zones
4.045087;36.733099;Orange zones
4.196074;36.716442;Green zones
3.7799;36.5889;Green zones
4.1285;36.8832;Green zones
4.097362;36.845366;Green zones
3.998674;36.475096;Green zones
4.359974;36.493084;Green zones
4.429309;36.883636;Green zones
4.105783;36.700451;Green zones
4.060013;36.697402;Green zones
4.063041;36.698924;Green zones
4.059377;36.699347;Green zones
4.049584;36.704104;Green zones
4.059794;36.712722;Green zones
4.01811;36.740955;Green zones
4.104222;36.697379;Green zones
4.193363;36.721453;Green zones
4.192786;36.717819;Green zones
4.191008;36.723684;Green zones
4.314326;36.798314;Green zones
4.198798;36.859254;Green zones
4.169885;36.876297;Green zones
2.915749;36.680651;Green zones
3.01523;36.7041;Green zones
3.17872;36.737;Green zones
3.19957;36.7145;Green zones
3.07206;36.7511;Green zones
2.98608;36.7497;Green zones
3.09541;36.64404;Orange zones
2.96375;36.7598;Green zones
2.89351;36.76994;Green zones
3.04013;36.6808;Green zones
3.234404;36.784461;Green zones
3.032267;36.736445;Green zones
3.08576;36.747294;Green zones
3.15268;36.73572;Green zones
3.203125;36.709878;Green zones
3.042333;36.745087;Green zones
3.16972;36.733403;Green zones
3.153161;36.739514;Green zones
3.041674;36.745585;Green zones
3.13258;36.69316;Green zones
2.930792;36.760373;Green zones
3.216457;36.729164;Green zones
2.985903;36.713636;Green zones
3.3143;36.7651;Green zones
3.2685;36.7328;Green zones
2.9675002;36.6518999;Green zones
3.048695;36.712084;Green zones
3.136959;36.721479;Green zones
3.19999;36.728851;Green zones
3.166468;36.730469;Green zones
2.946123;36.750822;Green zones
3.0391;36.7143;Green zones
3.225841;36.748482;Green zones
3.235149;36.738935;Green zones
3.0065;36.6543;Green zones
3.0323;36.7427;Green zones
3.0994;36.7182;Green zones
3.118547;36.664494;Green zones
3.028278;36.675056;Green zones
3.065138;36.785734;Green zones
3.156386;36.733854;Green zones
2.9676;36.6977;Green zones
3.154398;36.737505;Green zones
3.025631;36.749168;Green zones
3.039286;36.673248;Green zones
3.2322;36.7315;Green zones
3.2144;36.71;Green zones
3.024508;36.68275;Green zones
3.0424;36.6772;Green zones
3.02297;36.7453;Green zones
2.9979976;36.710455;Green zones
3.059309;36.771649;Green zones
3.15640612;36.6911676;Green zones
3.086649;36.74168;Green zones
3.07891;36.729222;Green zones
2.8668;36.69047;Green zones
3.090302;36.67133;Green zones
3.036676;36.766123;Green zones
3.1921;36.7028;Green zones
2.93001;36.73719;Green zones
3.27689;36.73988;Green zones
2.927462;36.607343;Green zones
3.04982;36.7651;Green zones
3.05089;36.7642;Green zones
3.05305;36.7668;Green zones
3.05735;36.7721;Green zones
3.05597;36.7662;Green zones
3.0565;36.7631;Green zones
3.05805;36.7792;Green zones
3.05018;36.7908;Green zones
3.0517;36.792;Green zones
3.0583;36.7905;Green zones
3.02961;36.7698;Green zones
3.04874;36.764;Green zones
3.05261;36.77315;Green zones
3.05931;36.7765;Green zones
3.07053;36.7435;Green zones
3.0462;36.7548;Green zones
3.05544;36.7689;Green zones
3.06298;36.7545;Green zones
3.05393;36.76005;Green zones
3.06129;36.7744;Green zones
3.0921;36.7366;Green zones
3.09036;36.73687;Green zones
3.103189;36.741162;Green zones
3.0987;36.743;Green zones
3.08327;36.7431;Green zones
3.08022;36.7442;Green zones
3.04549;36.7745;Green zones
3.04218;36.7742;Green zones
3.04725;36.7548;Green zones
3.04881;36.7521;Green zones
3.05149;36.75189;Green zones
3.04271;36.7583;Green zones
3.04262;36.7618;Green zones
3.04006;36.7631;Orange zones
3.03393;36.7694;Green zones
3.04711;36.7886;Green zones
3.06211;36.7771;Green zones
3.1728;36.6871;Orange zones
3.06025;36.7832;Green zones
3.06211;36.7839;Green zones
3.05856;36.7757;Green zones
3.05031;36.7677;Green zones
2.88672;36.7505;Green zones
3.14491;36.7208;Green zones
3.05974;36.7828;Green zones
3.05102;36.7709;Green zones
3.04969;36.7705;Green zones
3.04981;36.7687;Green zones
3.05856;36.7687;Green zones
3.04712;36.7625;Green zones
3.0459;36.76089;Green zones
3.02945;36.7644;Green zones
3.03085;36.7686;Green zones
3.05104;36.7919;Green zones
3.04948;36.7398;Green zones
3.05477;36.7693;Green zones
3.04804;36.7505;Green zones
3.05242;36.76461;Green zones
3.06269;36.7418;Green zones
3.28349;36.7364;Green zones
3.0257;36.7687;Green zones
3.05897;36.7916;Green zones
3.06201;36.7883;Green zones
3.05669;36.7911;Green zones
3.04805;36.7905;Green zones
3.04867;36.7928;Green zones
3.05853;36.7796;Green zones
3.05958;36.7731;Green zones
3.05808;36.7768;Green zones
3.056417;36.77185;Green zones
3.04761;36.7691;Green zones
3.051;36.7668;Green zones
3.05217;36.7653;Green zones
3.04491;36.7652;Green zones
3.04404;36.7632;Green zones
3.0482;36.7535;Green zones
3.06857;36.7453;Green zones
3.06547;36.7421;Green zones
3.09527;36.66836;Green zones
3.05789;36.77061;Green zones
3.21183;36.70076;Green zones
3.21183;36.7008;Green zones
3.05065;36.7439;Green zones
3.05692;36.77052;Green zones
3.04778;36.736;Red zones
3.0382;36.7415;Green zones
3.04472;36.7588;Green zones
3.05211;36.774;Green zones
3.18439;36.7352;Green zones
3.051996;36.765842;Green zones
3.03292;36.76773;Green zones
3.04262;36.7737;Green zones
3.01818;36.7654;Green zones
2.840698;36.73076;Green zones
2.847768;36.764797;Green zones
3.19206;36.7472;Green zones
3.05667;36.7687;Green zones
3.0611;36.7576;Green zones
3.0705;36.7435;Green zones
3.06316;36.7514;Green zones
3.04453;36.7568;Green zones
3.09576;36.731;Green zones
2.99586;36.719;Green zones
3.20825;36.7115;Green zones
3.20844;36.7113;Green zones
3.05996;36.79035;Green zones
3.05703;36.7919;Green zones
3.03756;36.7938;Green zones
3.1974;36.7067;Green zones
3.0462;36.7308;Green zones
3.1895;36.6963;Green zones
3.03925;36.7559;Green zones
3.03004;36.81116;Green zones
2.90075;36.8036;Green zones
3.02854;36.74766;Green zones
2.9315;36.6156;Green zones
3.23542;36.7307;Green zones
3.01496;36.779;Green zones
2.97341;36.7818;Green zones
3.20792;36.7102;Green zones
3.133785;36.740737;Green zones
3.207867;36.69805;Green zones
3.1382;36.7014;Green zones
3.0812;36.7202;Green zones
3.053;36.734;Green zones
3.02786;36.7346;Green zones
3.02722;36.7546;Green zones
2.9954;36.7429;Green zones
2.98291;36.7471;Green zones
2.91568;36.7487;Green zones
2.87417;36.7622;Green zones
3.0964;36.7138;Green zones
3.04028;36.79961;Green zones
3.05949;36.7899;Green zones
3.06284;36.78698;Green zones
3.05319;36.7896;Green zones
3.0565;36.785;Green zones
3.06161;36.7816;Green zones
3.0598;36.7765;Orange zones
3.05842;36.7733;Green zones
3.05594;36.76797;Green zones
3.05499;36.7704;Green zones
3.0243;36.7843;Green zones
3.04892;36.7638;Green zones
3.05629;36.7623;Green zones
3.05298;36.7663;Green zones
3.03885;36.7625;Green zones
3.06521;36.756;Green zones
3.07183;36.7484;Green zones
2.91205;36.8005;Green zones
3.011292;36.769091;Green zones
2.83321;36.7009;Green zones
2.95597;36.8109;Green zones
3.0081;36.7552;Green zones
2.98278;36.7814;Green zones
3.0301;36.7659;Green zones
2.96625;36.7571;Green zones
2.89424;36.7492;Orange zones
3.04159;36.74564;Green zones
3.02958;36.7382;Green zones
3.038507;36.809383;Green zones
3.00926;36.8175;Green zones
2.836725;36.725977;Green zones
2.84606;36.7631;Green zones
3.028853;36.748801;Green zones
3.09195;36.7456;Green zones
3.10842;36.7433;Green zones
3.10842;36.7433;Green zones
3.12069;36.7327;Green zones
3.1354;36.7314;Green zones
3.188441;36.726522;Green zones
2.92956;36.8035;Green zones
2.86572;36.7306;Green zones
3.05274;36.6708;Green zones
2.9779;36.7013;Green zones
2.902;36.7833;Green zones
2.98991;36.8132;Green zones
3.04499;36.7112;Green zones
2.99836;36.6484;Green zones
3.01333;36.7927;Green zones
2.94903;36.7583;Green zones
2.89812;36.7682;Green zones
2.94295;36.6731;Green zones
2.99622;36.7;Green zones
2.99867;36.7144;Green zones
2.98974;36.72989;Green zones
3.03509;36.7754;Green zones
3.0086;36.7793;Green zones
3.0212;36.7697;Green zones
3.06812;36.7423;Green zones
2.99108;36.7648;Green zones
2.76731;36.681;Green zones
2.97495;36.8132;Green zones
3.00903;36.7386;Green zones
2.97968;36.7587;Green zones
2.98346;36.6755;Green zones
2.87217;36.6779;Green zones
3.05391;36.7463;Green zones
3.05788;36.6938;Green zones
2.94359;36.8069;Green zones
3.04723;36.8013;Green zones
3.04361;36.78682;Green zones
2.90734;36.68142;Green zones
3.02635;36.7036;Green zones
3.01309;36.7243;Green zones
2.91742;36.7054;Green zones
2.94542;36.6328;Green zones
2.95242;36.7349;Green zones
2.84315;36.7118;Green zones
3.04304;36.7266;Green zones
3.10028;36.7388;Green zones
3.09864;36.7307;Green zones
3.09475;36.7082;Green zones
3.10843;36.7313;Green zones
3.08823;36.7315;Green zones
3.19396;36.7403;Green zones
3.17728;36.6967;Green zones
3.08971;36.6052;Green zones
3.1662;36.7318;Green zones
3.14213;36.6679;Green zones
3.08952;36.66658;Green zones
3.3041;36.7914;Green zones
3.28341;36.7382;Green zones
3.01442;36.7679;Green zones
3.09163;36.7409;Green zones
3.21689;36.7604;Green zones
3.34153;36.7383;Green zones
3.1378;36.7221;Green zones
3.29367;36.7217;Green zones
3.0295;36.8052;Green zones
3.01418;36.81;Green zones
3.00307;36.7959;Green zones
3.00372;36.6891;Green zones
2.9737;36.7896;Green zones
2.93902;36.7115;Green zones
3.28941;36.792;Green zones
3.018281;36.709881;Green zones
3.02817;36.7264;Green zones
3.00882;36.7016;Green zones
3.0765;36.7418;Green zones
3.11815;36.7221;Green zones
3.11139;36.7183;Green zones
2.9986;36.728;Green zones
3.24017;36.72762;Green zones
2.95216;36.6803;Green zones
3.06771;36.69778;Green zones
3.04144;36.7049;Green zones
2.96426;36.6225;Green zones
2.99442;36.6221;Green zones
3.22742;36.76166;Green zones
2.8029;36.6739;Green zones
3.14054;36.7199;Green zones
2.87094;36.6907;Green zones
2.95994;36.6676;Green zones
2.847177;36.687632;Green zones
3.00974;36.73163;Green zones
3.25154;36.8043;Green zones
3.28755;36.77572;Green zones
2.8713;36.6837;Green zones
2.9439;36.7289;Green zones
2.9531;36.7154;Green zones
3.16366;36.708;Green zones
2.94809;36.7393;Green zones
2.94071;36.6885;Orange zones
2.91328;36.6775;Green zones
3.35459;36.7426;Green zones
3.2291;36.7363;Green zones
2.83604;36.674776;Green zones
3.203573;36.713596;Green zones
3.14799;36.7234;Green zones
3.05085;36.7768;Orange zones
3.20838;36.7155;Green zones
3.08578;36.67391;Green zones
2.92958;36.73803;Green zones
3.25026;36.7917;Green zones
3.15632;36.7382;Green zones
3.03107;36.7691;Green zones
3.0085;36.76413;Green zones
2.88989;36.7504;Green zones
3.16931;36.726119;Green zones
2.97644;36.64833;Green zones
3.0622;36.7017;Green zones
3.3014;36.77557;Green zones
3.15692;36.7328;Green zones
3.2321;36.7692;Green zones
2.93135;36.7958;Green zones
3.17734;36.6414;Green zones
3.06133;36.7301;Green zones
3.170861;36.721236;Green zones
2.89229;36.7702;Green zones
2.9191;36.7875;Green zones
3.1842;36.7243;Green zones
3.175708;36.716146;Green zones
3.04953;36.7397;Green zones
3.01155;36.6397;Green zones
3.20378;36.73912;Green zones
3.18185;36.7467;Green zones
3.116;36.7109;Green zones
3.22831;36.7111;Green zones
2.9746;36.7503;Green zones
3.04719;36.691;Green zones
2.94081;36.6792;Green zones
3.019712;36.721977;Green zones
3.14191;36.71381;Green zones
3.04556;36.7659;Green zones
3.138286;36.704276;Green zones
3.32698;36.7635;Green zones
3.00964;36.669;Green zones
3.25214;36.7438;Orange zones
3.02128;36.6799;Green zones
2.90793;36.71168;Green zones
2.90943;36.7026;Green zones
3.03968;36.7512;Green zones
3.12483;36.74111;Green zones
2.899869;36.790075;Green zones
2.94017;36.7919;Green zones
3.02341;36.7608;Green zones
3.174883;36.735605;Green zones
2.951075;36.748815;Green zones
3.062367;36.785469;Green zones
3.060409;36.781345;Green zones
3.10067;36.71519;Green zones
3.09087;36.71;Green zones
3.04406;36.7776;Green zones
3.22784;36.7558;Green zones
3.205484;36.704339;Green zones
3.205484;36.704339;Green zones
3.140203;36.735102;Green zones
3.18647;36.7098;Green zones
3.15183;36.6608;Green zones
3.22561;36.7147;Green zones
3.077;36.6456;Green zones
3.089;36.6005;Green zones
3.0468;36.7321;Green zones
2.988491;36.747878;Green zones
3.0872;36.65194;Green zones
3.20833;36.7115;Green zones
3.1997;36.7079;Green zones
3.1387;36.6634;Green zones
3.154797;36.662238;Green zones
3.142321;36.671632;Green zones
3.04281;36.6411;Green zones
3.198739;36.741369;Green zones
3.1488;36.6622;Green zones
3.1533;36.667;Green zones
3.154461;36.65616;Green zones
2.990269;36.59993;Green zones
3.21981;36.7493;Green zones
3.284318;36.712856;Green zones
3.0591;36.7123;Green zones
3.169271;36.705582;Green zones
3.0345;36.7964;Orange zones
3.175;36.718;Green zones
3.171998;36.660142;Orange zones
3.161736;36.695;Green zones
3.193978;36.712612;Green zones
3.193978;36.712612;Green zones
3.193978;36.712612;Green zones
3.193978;36.712612;Green zones
3.11195;36.7137;Green zones
3.090554;36.735096;Green zones
3.08137;36.7244;Orange zones
3.06637;36.7356;Green zones
3.016899;36.760152;Green zones
2.985355;36.662735;Green zones
2.98719;36.65285;Green zones
3.3728;36.7341;Green zones
3.037079;36.71546;Green zones
3.016612;36.653587;Green zones
2.9667;36.69773;Green zones
2.847789;36.66848;Green zones
3.17063;36.66642;Green zones
2.845763;36.674036;Green zones
2.97055;36.65112;Green zones
3.072;36.7249;Green zones
3.05468;36.7529;Green zones
3.37349;36.70977;Green zones
3.3661;36.7449;Green zones
3.29862;36.77369;Green zones
3.23499;36.77139;Green zones
2.91718;36.67327;Green zones
3.0573;36.7578;Green zones
3.0023;36.6464;Green zones
3.1026;36.6589;Green zones
2.96909;36.80904;Green zones
2.9831;36.8107;Green zones
3.249389;36.775611;Green zones
3.158455;36.719884;Green zones
3.002578;36.73132;Green zones
2.97528;36.67;Green zones
3.05083;36.7582;Green zones
3.259448;36.767769;Green zones
2.949775;36.68167;Red zones
3.015156;36.667034;Green zones
3.29408;36.79084;Green zones
3.22464;36.72624;Green zones
3.0588;36.7804;Green zones
3.23882;36.7638;Green zones
2.867186;36.68066;Green zones
2.956045;36.623662;Green zones
3.23565;36.807341;Green zones
3.307;36.7903;Green zones
3.30723;36.7742;Green zones
2.882969;36.646939;Green zones
3.33794;36.71868;Green zones
3.247444;36.767541;Green zones
3.000129;36.607365;Green zones
3.16173;36.695;Green zones
3.27904;36.709;Green zones
3.172827;36.728276;Green zones
3.37068;36.72357;Green zones
2.87217;36.67794;Green zones
2.866605;36.647406;Green zones
3.15902;36.65673;Green zones
3.353404;36.718852;Green zones
3.2624;36.7757;Green zones
2.9971;36.60103;Green zones
3.25455;36.81102;Green zones
2.998003;36.589809;Green zones
2.966513;36.66548;Green zones
2.9585;36.6749;Green zones
3.05494;36.69448;Green zones
3.308;36.71951;Green zones
3.3253;36.73586;Green zones
2.847;36.7075;Green zones
3.225186;36.71284;Green zones
3.020069;36.76838;Green zones
3.16461;36.6655;Green zones
2.92144;36.67751;Green zones
2.990365;36.641035;Green zones
3.1778;36.7008;Green zones
3.10363;36.6642;Green zones
2.870241;36.715776;Green zones
3.23627;36.71576;Green zones
2.9808;36.6734;Green zones
2.978815;36.692947;Green zones
2.92685;36.7634;Green zones
3.2259;36.76811;Green zones
3.091345;36.661313;Green zones
3.0245;36.7102;Green zones
3.11688;36.71365;Green zones
2.846369;36.740156;Green zones
2.970556;36.80075;Green zones
3.1175;36.7297;Green zones
3.0935;36.6584;Orange zones
3.253559;36.779659;Green zones
3.2565;36.7692;Green zones
3.124407;36.694972;Green zones
2.920594;36.704317;Green zones
3.05347;36.65584;Green zones
3.04486;36.7746;Green zones
3.22092;36.75768;Green zones
3.25367;36.79314;Green zones
2.906164;36.688052;Green zones
3.0635;36.6921;Green zones
3.187683;36.714176;Green zones
3.2942;36.7722;Green zones
3.02748;36.76342;Green zones
3.008392;36.726861;Green zones
2.9381;36.7337;Green zones
2.9461;36.7416;Green zones
2.9047;36.6368;Green zones
3.175944;36.723444;Green zones
3.0979;36.6708;Green zones
3.161;36.712;Green zones
3.07031;36.7029;Green zones
2.9624;36.7855;Green zones
2.85347;36.66988;Green zones
2.901876;36.665988;Green zones
3.28624;36.74891;Green zones
2.9228;36.722;Green zones
3.044964;36.741953;Green zones
2.9052;36.7372;Green zones
2.9711;36.7017;Green zones
2.975744;36.687583;Green zones
2.962685;36.687389;Green zones
3.2447;36.7927;Green zones
3.201802;36.746669;Green zones
2.870994;36.762763;Green zones
3.18916;36.74629;Green zones
3.232444;36.775;Green zones
3.2394;36.7731;Green zones
2.85717;36.68972;Green zones
2.95602;36.74455;Green zones
2.931639;36.711444;Green zones
3.004901;36.774461;Green zones
3.01754;36.7751;Green zones
2.95282;36.75705;Green zones
2.991217;36.796167;Green zones
3.019442;36.784377;Green zones
3.34725;36.75727;Green zones
3.00307;36.79594;Green zones
2.93816;36.64439;Green zones
2.91382;36.6471;Green zones
2.96367;36.69464;Green zones
3.04896;36.7771;Green zones
2.91545;36.79131;Green zones
3.10286;36.67021;Green zones
3.09819;36.65851;Green zones
3.20851;36.72134;Green zones
3.00581;36.70926;Green zones
3.078453;36.692794;Green zones
3.10482;36.6863;Green zones
2.936168;36.667535;Green zones
3.12742;36.7072;Green zones
3.33044;36.75738;Green zones
2.89851;36.66851;Green zones
3.17373;36.64822;Orange zones
3.20961;36.75804;Green zones
2.94191;36.65701;Green zones
3.09037;36.6974;Green zones
2.95989;36.73098;Green zones
2.9839173;36.710854;Green zones
2.952155;36.750686;Green zones
3.30659;36.73606;Green zones
3.000166;36.64333;Green zones
3.12604;36.7207;Green zones
2.9642;36.6808;Green zones
3.0555;36.7161;Green zones
2.98346;36.67554;Orange zones
2.90101;36.78611;Green zones
2.90101;36.78611;Green zones
2.90101;36.78611;Green zones
2.8862;36.6863;Green zones
2.841485278;36.67015;Green zones
2.85183;36.65869;Green zones
2.84544;36.66141;Green zones
3.35417;36.7566;Green zones
2.830306;36.642887;Green zones
2.857487;36.684976;Green zones
2.97462;36.77315;Green zones
3.20531;36.71101;Green zones
3.06782;36.7305;Green zones
3.15316;36.73955;Green zones
2.98043;36.600862;Green zones
3.01627;36.714508;Green zones
2.9599;36.69719;Green zones
3.23776;36.69257;Green zones
3.0394;36.7413;Green zones
3.21306;36.71963;Green zones
3.233996;36.725321;Green zones
3.09693;36.74919;Green zones
2.8236;36.6453;Green zones
3.06041;36.79211;Green zones
2.92747;36.77009;Green zones
3.0079;36.7531;Green zones
2.97446;36.75372;Green zones
3.208484;36.715339;Green zones
2.846927;36.755627;Green zones
2.996847;36.773682;Green zones
3.336755;36.73392;Green zones
3.051218;36.781855;Green zones
3.21421;36.71216;Green zones
3.19464;36.69527;Green zones
3.2366;36.7951;Green zones
3.0462;36.75483;Green zones
3.2506;36.79509;Green zones
3.254312;36.776786;Green zones
3.0181;36.7919;Green zones
2.96301;36.75864;Green zones
3.17417;36.72107;Green zones
3.093102;36.664147;Green zones
3.0936;36.6553;Green zones
2.88755;36.7539;Green zones
2.96831;36.78691;Green zones
2.97872;36.77581;Green zones
2.98908;36.70694;Green zones
3.169568;36.6571;Green zones
3.0865;36.703;Green zones
3.07241;36.69101;Green zones
2.885567;36.6436;Green zones
2.95018;36.7372;Green zones
2.877885;36.68458;Green zones
2.876751;36.688563;Green zones
2.948605;36.713418;Green zones
2.96811;36.7678;Green zones
3.29892;36.724393;Green zones
3.28435;36.73258;Green zones
3.19249;36.703635;Green zones
3.21844;36.72355;Green zones
2.99601;36.782;Green zones
2.801165;36.684004;Green zones
2.797567;36.668677;Green zones
2.970855;36.775977;Green zones
3.22414;36.75398;Green zones
3.09361;36.69947;Green zones
3.005;36.7391;Green zones
2.947134;36.80015;Green zones
3.285252;36.790488;Green zones
2.97305;36.7799;Green zones
3.00361;36.75991;Green zones
3.014712;36.64902;Green zones
3.067;36.7022;Green zones
3.05223;36.69859;Green zones
3.3262128;36.767271;Green zones
2.99522;36.7516;Green zones
3.0112;36.814;Green zones
2.84423;36.714753;Green zones
2.8635;36.6597;Green zones
2.792494;36.674709;Green zones
2.779874;36.683342;Green zones
3.00037;36.7717;Green zones
3.1597;36.681908;Green zones
3.01671;36.8168;Green zones
3.09995;36.62432;Green zones
3.2367;36.7787;Green zones
2.80676;36.69981;Green zones
2.9107;36.6973;Green zones
2.92009;36.8018;Green zones
3.111721;36.614824;Green zones
3.0307;36.6831;Green zones
2.91893;36.75881;Green zones
3.081687;36.693513;Green zones
3.0426;36.8018;Green zones
2.980809;36.6782;Green zones
3.23853;36.72459;Green zones
3.0739;36.6052;Green zones
2.955702;36.728609;Green zones
3.03615;36.77095;Green zones
2.9277;36.6542;Green zones
3.012554;36.748298;Green zones
2.90343;36.75883;Green zones
3.0125;36.78556;Green zones
3.26541;36.76631;Green zones
3.026001;36.766403;Green zones
2.9524;36.76;Green zones
3.37953;36.724;Green zones
3.05191;36.68404;Green zones
3.04554;36.68279;Green zones
3.038739;36.685487;Green zones
3.051992;36.784695;Green zones
3.3502;36.7386;Green zones
3.2088;36.7401;Green zones
3.2873;36.7374;Green zones
3.142441;36.733227;Green zones
3.27184;36.70734;Green zones
3.22949;36.71571;Green zones
3.27488;36.7407;Green zones
2.853594;36.71842;Green zones
2.881849;36.743184;Green zones
2.8955741;36.750547;Green zones
2.96234;36.754466;Green zones
3.169411;36.673563;Green zones
3.24908;36.78052;Green zones
3.179419;36.656054;Green zones
3.1744099;36.651249;Green zones
3.1171;36.6543;Green zones
3.1107;36.6635;Green zones
3.1044;36.6424;Green zones
3.104;36.6359;Green zones
3.038638;36.72689;Green zones
3.23312;36.7785;Green zones
2.9453;36.80261;Green zones
2.94991;36.80803;Green zones
2.956602;36.668164;Green zones
2.990127;36.782012;Green zones
2.947776;36.733915;Green zones
3.20907;36.718;Green zones
3.24694;36.78881;Green zones
3.19581;36.7019;Green zones
2.912737;36.79613;Green zones
3.17207;36.6535;Green zones
3.049263;36.753846;Green zones
3.085637;36.747252;Green zones
3.18916;36.7463;Green zones
3.17497;36.7367;Green zones
3.203573;36.713596;Green zones
3.028163;36.705119;Green zones
3.18439;36.7352;Green zones
2.926832;36.76066;Green zones
2.93207;36.8013;Green zones
3.035;36.6931;Green zones
3.12391;36.66751;Green zones
2.9883;36.7205;Green zones
3.0383;36.8065;Green zones
2.949;36.6713;Green zones
2.960024;36.645182;Green zones
3.13855;36.7275;Green zones
2.925;36.7956;Green zones
2.935892;36.671208;Green zones
3.12397;36.7226;Green zones
2.9606;36.6606;Green zones
2.89916;36.637428;Green zones
2.9293;36.7189;Green zones
3.131843;36.678228;Green zones
3.13782;36.7072;Green zones
2.982749;36.75572;Green zones
2.944346;36.719625;Green zones
2.868075;36.686423;Green zones
2.864876;36.686188;Green zones
2.869765;36.68753;Green zones
3.09704;36.6744;Green zones
3.15465;36.71786;Green zones
3.1837;36.7327;Green zones
3.17027;36.71049;Green zones
3.01614;36.75951;Green zones
3.18243;36.704452;Green zones
3.08268;36.7079;Green zones
3.220981;36.715307;Green zones
2.997038;36.813898;Green zones
3.077831;36.701702;Green zones
2.954012;36.670382;Green zones
3.119585;36.61218;Green zones
3.05302;36.7121;Green zones
2.906923;36.801515;Green zones
2.923098;36.799899;Green zones
2.951587;36.766079;Green zones
2.982;36.7632;Green zones
2.966986;36.615161;Green zones
3.095;36.7371;Green zones
3.107512;36.614826;Green zones
2.8972;36.6476;Green zones
3.08915;36.7403;Green zones
3.11185;36.7375;Green zones
3.08519;36.7337;Green zones
3.013701;36.63688;Green zones
3.08382;36.745;Green zones
2.97991;36.69591;Green zones
3.03089;36.7227;Green zones
2.99477;36.7078;Green zones
3.1931;36.6972;Green zones
3.0407;36.7346;Green zones
3.201914;36.698917;Green zones
3.21323;36.69995;Green zones
3.187963;36.708236;Green zones
3.10562;36.7183;Green zones
3.09462;36.7211;Green zones
3.0275;36.745;Green zones
3.05311;36.7272;Green zones
3.08071;36.7301;Green zones
3.19623;36.7135;Green zones
3.07347;36.7512;Green zones
3.05667;36.7384;Green zones
3.06181;36.75528;Green zones
3.05037;36.76188;Green zones
3.0493;36.79204;Green zones
3.055;36.7918;Green zones
3.05791;36.77813;Green zones
3.026;36.769;Green zones
3.15431;36.6948;Orange zones
2.87417;36.7622;Green zones
3.17853;36.7437;Green zones
3.08608;36.7224;Green zones
3.17571;36.7161;Green zones
3.03954;36.7433;Green zones
3.06107;36.78451;Green zones
3.05081;36.7681;Green zones
3.02522;36.6578;Green zones
3.03918;36.784;Green zones
3.05207;36.7721;Green zones
3.0395;36.7753;Green zones
3.04212;36.7581;Green zones
3.07622;36.7001;Green zones
3.03958;36.7596;Green zones
3.0531;36.776;Green zones
3.19802;36.7146;Green zones
2.99161;36.5959;Green zones
2.79421;36.6714;Green zones
2.837678;36.696448;Green zones
2.837;36.7158;Green zones
2.91341;36.7898;Green zones
2.91312;36.8032;Green zones
3.06288;36.7087;Green zones
2.97284;36.6972;Green zones
2.99003;36.72403;Green zones
2.99947;36.6433;Green zones
3.00795;36.7993;Green zones
3.01301;36.75133;Green zones
2.9454;36.6693;Green zones
3.03505;36.7843;Orange zones
3.08456;36.6961;Green zones
3.10044;36.62033;Green zones
3.14341;36.7311;Green zones
3.16378;36.722489;Green zones
3.2099;36.7257;Green zones
3.2219;36.7112;Green zones
3.23427;36.73292;Green zones
3.23494;36.7589;Green zones
3.23724;36.7208;Green zones
3.26536;36.7674;Orange zones
3.2493;36.7642;Green zones
3.25982;36.778;Green zones
3.28336;36.7958;Green zones
3.2918;36.7098;Green zones
3.28626;36.7425;Green zones
3.34229;36.748;Green zones
3.34053;36.7331;Green zones
3.07236;36.6474;Orange zones
3.14767;36.6548;Green zones
3.15724;36.7134;Green zones
2.95642;36.7669;Green zones
2.94318;36.7474;Green zones
2.9064;36.8026;Green zones
3.08171;36.6482;Green zones
3.0222;36.6749;Green zones
2.875;36.7416;Green zones
2.9422;36.8;Green zones
3.15766;36.6641;Green zones
2.98068;36.8131;Green zones
3.30286;36.7336;Green zones
3.0361;36.80155;Green zones
3.05053;36.73001;Green zones
3.0632;36.7242;Green zones
3.06072;36.7043;Green zones
3.04816;36.7206;Green zones
3.15423;36.72764;Green zones
3.19444;36.7186;Green zones
3.1891;36.7083;Green zones
3.18055;36.6863;Green zones
2.96289;36.7207;Green zones
2.98178;36.75306;Green zones
3.03418;36.7443;Green zones
3.1041;36.7086;Green zones
3.11851;36.7018;Green zones
3.16842;36.7137;Green zones
2.9964;36.7592;Green zones
3.23607;36.8122;Green zones
3.23779;36.7863;Green zones
3.24148;36.77;Green zones
3.25612;36.7328;Green zones
3.29901;36.77103;Green zones
3.20182;36.7445;Green zones
3.08661;36.72859;Green zones
3.10257;36.7366;Green zones
3.20198;36.75137;Green zones
3.3453;36.7303;Green zones
3.01445;36.7678;Green zones
3.00443;36.7919;Green zones
3.14015;36.5916;Green zones
3.18157;36.6628;Green zones
3.10286;36.6702;Green zones
3.1802;36.7298;Green zones
3.0913;36.6889;Green zones
2.98453;36.6878;Green zones
3.01785;36.7016;Green zones
3.13069;36.7218;Green zones
3.07258;36.7275;Green zones
3.07729;36.7052;Green zones
3.0616;36.7339;Green zones
3.00915;36.7741;Green zones
2.96071;36.76004;Green zones
3.09162;36.70499;Green zones
3.14794;36.66978;Green zones
3.34312;36.7403;Green zones
3.18977;36.73153;Green zones
2.96083;36.7676;Green zones
2.91246;36.7089;Green zones
3.0962;36.668;Green zones
3.17594;36.72344;Green zones
3.01374;36.7599;Green zones
3.18973;36.72177;Green zones
3.22113;36.72132;Green zones
3.04838;36.7368;Green zones
3.11834;36.6703;Green zones
3.238573;36.792216;Green zones
3.31134;36.7861;Green zones
3.09516;36.7436;Green zones
3.22065;36.7276;Green zones
2.94603;36.665;Green zones
3.03143;36.7194;Green zones
3.10467;36.7376;Green zones
3.11991;36.7225;Green zones
3.13772;36.7192;Green zones
3.21612;36.7128;Green zones
2.96475;36.6473;Green zones
3.05944;36.72781;Green zones
3.0481;36.6705;Green zones
3.10788;36.6664;Green zones
3.1368;36.6737;Green zones
3.16017;36.66014;Green zones
3.17071;36.6631;Green zones
3.14335;36.6594;Green zones
3.19217;36.6778;Green zones
3.16558;36.6758;Green zones
3.13125;36.7312;Green zones
3.11575;36.7268;Green zones
3.11073;36.72597;Green zones
3.11778;36.7175;Green zones
3.12607;36.7081;Green zones
3.146;36.7169;Green zones
3.09598;36.7264;Green zones
2.97462;36.7732;Green zones
2.96799;36.78225;Green zones
2.96396;36.7706;Green zones
2.98594;36.76015;Green zones
2.88574;36.7471;Green zones
2.91685;36.7615;Green zones
2.99147;36.75859;Green zones
3.10312;36.7054;Green zones
3.08682;36.7126;Green zones
3.09133;36.728;Green zones
3.07502;36.732;Green zones
2.98458;36.72001;Green zones
2.99175;36.7355;Green zones
3.10095;36.6557;Green zones
3.08966;36.67332;Green zones
3.07619;36.6505;Green zones
3.10071;36.6861;Green zones
3.05567;36.66059;Green zones
2.98347;36.6684;Orange zones
2.94471;36.6296;Green zones
3.00737;36.6488;Green zones
3.02908;36.7607;Green zones
3.0345;36.7481;Green zones
3.04005;36.7305;Green zones
3.32394;36.7721;Green zones
3.33668;36.727;Green zones
3.05883;36.75526;Green zones
3.36623;36.76808;Green zones
3.36014;36.7441;Green zones
3.36947;36.7173;Green zones
3.3388;36.7075;Green zones
3.2816;36.6984;Green zones
3.08441;36.6087;Green zones
3.12459;36.6129;Green zones
3.01712;36.7621;Green zones
2.85649;36.7539;Green zones
2.84553;36.7174;Green zones
3.01782;36.7712;Green zones
3.04818;36.7058;Green zones
2.99581;36.64583;Green zones
2.77353;36.6818;Green zones
3.02411;36.7749;Green zones
3.04855;36.78654;Green zones
3.00106;36.7499;Green zones
3.0403;36.6787;Green zones
3.00088;36.8151;Green zones
3.27981;36.7336;Green zones
3.24955;36.7578;Green zones
3.2231;36.7637;Green zones
3.28118;36.7432;Green zones
3.238946;36.797936;Green zones
3.24382;36.78543;Green zones
3.25582;36.7722;Green zones
3.215;36.7537;Green zones
3.21208;36.7225;Green zones
2.88913;36.758;Green zones
2.96958;36.7637;Green zones
3.02393;36.7532;Green zones
2.94361;36.63561;Green zones
3.28196;36.7383;Green zones
3.05904;36.788;Green zones
3.04856;36.79131;Green zones
3.05516;36.7641;Green zones
3.05318;36.7493;Green zones
2.9716;36.6945;Green zones
3.0951;36.6616;Green zones
3.24124;36.7811;Green zones
3.08826;36.7202;Green zones
2.9059;36.6105;Green zones
3.00263;36.71673;Green zones
3.2616;36.8002;Green zones
2.847811;36.744317;Green zones
2.90643;36.7944;Green zones
2.82414;36.6981;Green zones
2.79719;36.6788;Green zones
2.99444;36.72081;Green zones
3.0583;36.7433;Green zones
2.98605;36.796;Green zones
3.06283;36.74025;Green zones
3.13163;36.7376;Green zones
3.10961;36.7101;Green zones
3.07984;36.742;Green zones
2.97461;36.7557;Green zones
3.115423;36.68853;Green zones
2.9553;36.7548;Green zones
3.09863;36.7095;Green zones
2.9988;36.7451;Green zones
3.2851;36.7878;Green zones
3.20583;36.6981;Green zones
3.1215;36.6808;Green zones
3.29962;36.78931;Green zones
3.23728;36.7819;Green zones
3.24043;36.7765;Green zones
3.2237;36.7568;Green zones
3.208;36.7499;Orange zones
3.1712;36.73968;Green zones
2.90165;36.7985;Green zones
3.15293;36.7159;Green zones
3.19087;36.7274;Green zones
3.19251;36.749;Green zones
3.1871;36.7399;Green zones
3.18039;36.7333;Green zones
2.94866;36.7629;Green zones
3.14672;36.7337;Green zones
2.90798;36.6424;Green zones
3.20531;36.7184;Green zones
3.1579;36.7246;Green zones
3.01029;36.8117;Green zones
3.09932;36.7351;Green zones
3.00214;36.7076;Green zones
2.99215;36.70942;Green zones
3.03838;36.7218;Green zones
3.00267;36.78116;Green zones
3.08991;36.7249;Green zones
3.02847;36.7156;Green zones
3.00247;36.7357;Green zones
3.00429;36.6732;Green zones
3.05564;36.7245;Green zones
3.12914;36.7181;Green zones
3.0946;36.7034;Green zones
2.91382;36.777;Green zones
2.92849;36.75833;Green zones
2.89026;36.6722;Green zones
3.1248;36.7175;Green zones
3.02787;36.8091;Green zones
3.00637;36.7863;Green zones
2.9856;36.72298;Green zones
3.02992;36.6938;Green zones
2.97483;36.7627;Green zones
3.075314;36.735651;Green zones
3.04854;36.7674;Green zones
2.9998;36.73995;Green zones
2.80936;36.6898;Green zones
3.01482;36.6969;Green zones
3.26692;36.7856;Green zones
2.86428;36.708;Green zones
3.18466;36.74555;Green zones
3.0098;36.7714;Green zones
3.096714;36.612754;Green zones
2.90978;36.7919;Green zones
2.91358;36.7428;Green zones
3.24516;36.69;Green zones
2.95332;36.7317;Green zones
3.22304;36.70793;Green zones
2.9694;36.7786;Green zones
3.11325;36.7184;Green zones
2.84851;36.7151;Green zones
3.0442;36.7721;Green zones
2.92581;36.8006;Green zones
3.06514;36.7425;Green zones
2.92201;36.652;Green zones
2.9639;36.8118;Green zones
2.93573;36.8017;Green zones
2.9245;36.8037;Green zones
2.91787;36.79596;Green zones
3.01263;36.7785;Green zones
3.1207;36.7291;Green zones
2.9889;36.754;Green zones
2.98475;36.76457;Green zones
2.97641;36.69025;Green zones
2.9603;36.764;Green zones
3.0119;36.759;Green zones
3.07932;36.6993;Green zones
3.08859;36.6996;Green zones
3.10376;36.73;Green zones
3.12157;36.7136;Green zones
3.16458;36.7343;Green zones
3.23295;36.7289;Green zones
3.09882;36.66607;Green zones
3.1509;36.66512;Green zones
3.14899;36.6584;Green zones
3.04803;36.7158;Green zones
3.03381;36.7092;Green zones
3.06271;36.7575;Green zones
3.14425;36.72195;Green zones
3.24259;36.732;Green zones
2.9871;36.7675;Green zones
3.03616;36.7365;Green zones
2.9787;36.6654;Green zones
3.05523;36.7217;Green zones
3.11446;36.7201;Green zones
3.11133;36.7297;Green zones
3.07617;36.6959;Green zones
2.89071;36.7267;Green zones
3.10986;36.649;Green zones
3.01555;36.6138;Orange zones
3.29097;36.7592;Green zones
3.04484;36.7836;Green zones
2.9805;36.639;Green zones
3.33793;36.7763;Green zones
2.93644;36.7725;Green zones
2.9675;36.69;Green zones
3.1363;36.6696;Green zones
2.92713;36.6057;Green zones
3.00724;36.8065;Green zones
3.19692;36.7351;Green zones
3.06494;36.746;Green zones
3.08097;36.6021;Green zones
3.29575;36.73785;Green zones
3.10563;36.6249;Green zones
3.09071;36.6561;Green zones
3.11393;36.6677;Green zones
3.17573;36.6549;Green zones
3.26232;36.7703;Green zones
3.3386;36.7441;Green zones
3.3438;36.7328;Green zones
3.2664;36.7032;Green zones
2.9409;36.6702;Green zones
3.14431;36.6665;Green zones
3.1667;36.671;Green zones
3.0487;36.7009;Green zones
2.8852;36.7692;Green zones
2.8503;36.717;Green zones
3.0574;36.7473;Green zones
2.8804;36.7338;Green zones
3.03405;36.78039;Green zones
2.95131;36.7542;Green zones
2.875;36.654;Green zones
2.95415;36.6654;Green zones
2.94401;36.7168;Green zones
2.83476;36.6966;Green zones
2.83502;36.7107;Green zones
2.9233;36.761;Green zones
2.9362;36.7692;Green zones
3.25876;36.7942;Green zones
3.2785;36.7194;Green zones
3.3472;36.7157;Green zones
3.09098;36.7089;Green zones
3.09793;36.7046;Green zones
3.017805;36.750302;Green zones
3.0743;36.71979;Green zones
2.84137;36.76156;Green zones
2.98013;36.7803;Red zones
2.79235;36.684;Green zones
3.01946;36.756;Green zones
3.08484;36.7191;Green zones
3.35934;36.7223;Green zones
3.204;36.7213;Green zones
3.2053;36.7542;Green zones
3.18722;36.7328;Green zones
3.21384;36.7247;Green zones
3.33865;36.7418;Green zones
3.3416;36.7507;Green zones
3.1926;36.7327;Green zones
3.35193;36.7504;Green zones
3.339037;36.722932;Green zones
3.1758;36.7305;Green zones
3.1923;36.7249;Green zones
3.2137;36.744;Green zones
3.2384;36.7346;Green zones
3.3541;36.7702;Green zones
3.24843;36.7872;Green zones
3.2442;36.7621;Green zones
3.23312;36.76739;Green zones
3.32184;36.78529;Green zones
3.01235;36.65803;Green zones
3.04286;36.6912;Green zones
3.01244;36.7205;Green zones
3.05246;36.7404;Green zones
3.0391;36.6373;Green zones
2.843818;36.735518;Green zones
3.10201;36.7257;Green zones
3.101;36.7336;Green zones
3.09428;36.7378;Green zones
3.08319;36.7419;Green zones
3.07227;36.7469;Green zones
3.06641;36.7529;Green zones
3.05863;36.7566;Green zones
3.05642;36.7602;Green zones
3.05369;36.7662;Green zones
3.05893;36.7729;Green zones
3.15662;36.7076;Green zones
2.9483;36.7184;Green zones
2.92066;36.76244;Green zones
3.3614;36.7482;Green zones
3.0735;36.7514;Green zones
3.19684;36.71221;Green zones
2.97099;36.75512;Green zones
3.03079;36.7964;Green zones
3.04417;36.79452;Orange zones
3.05593;36.75;Green zones
3.24665;36.71899;Green zones
3.3157;36.7696;Green zones
3.28861;36.7664;Green zones
3.05764;36.6797;Orange zones
2.97593;36.65678;Green zones
3.17245;36.7016;Green zones
3.2415;36.7896;Green zones
3.03485;36.72717;Green zones
2.99002;36.6508;Green zones
2.88801;36.6784;Green zones
2.94652;36.6799;Green zones
2.9928;36.7918;Green zones
3.1216;36.6243;Green zones
3.16599;36.6452;Green zones
2.83604;36.6748;Green zones
2.935003;36.728863;Green zones
3.0312956;36.678633;Green zones
3.1428;36.7396;Green zones
3.04127;36.7468;Orange zones
2.7891;36.6751;Green zones
2.8295;36.6976;Green zones
2.87138;36.743;Green zones
3.059;36.7866;Green zones
3.0024;36.6618;Green zones
2.9305;36.70369;Green zones
3.01369;36.72516;Green zones
2.8937;36.7693;Green zones
2.8937;36.7693;Green zones
2.8937;36.7693;Green zones
2.8937;36.7693;Green zones
2.8937;36.7693;Green zones
2.8996;36.6803;Green zones
3.05211;36.752;Green zones
3.05037;36.7511;Green zones
3.04555;36.7439;Green zones
2.75815;36.2618;Green zones
2.75597;36.2642;Green zones
2.78079;36.2615;Green zones
2.77708;36.2704;Green zones
2.77292;36.2607;Green zones
2.9117;36.1289;Green zones
2.77;36.2726;Green zones
2.76238;36.2583;Green zones
2.74232;35.8957;Green zones
2.75781;36.2783;Green zones
2.75339;36.2644;Green zones
2.75056;36.272;Green zones
2.72006;36.2771;Green zones
2.8555;35.6874;Green zones
2.83056;35.9508;Green zones
2.8805;36.2156;Green zones
3.3055;36.2251;Orange zones
3.31194;36.4184;Green zones
3.12014;36.2168;Orange zones
3.41328;35.9391;Green zones
3.15265;35.8921;Green zones
2.56554;36.2379;Red zones
3.02754;36.2622;Green zones
3.22937;36.1973;Green zones
3.24538;36.1386;Green zones
3.15875;36.2528;Green zones
3.4272;36.1386;Green zones
2.90532;36.0734;Green zones
2.71944;35.9138;Green zones
2.7695;36.3589;Green zones
2.76058;36.3366;Green zones
2.84552;36.2492;Green zones
2.92914;36.1332;Green zones
2.74778;35.8869;Green zones
3.47713;36.352;Green zones
3.42228;36.2538;Green zones
2.61113;35.5458;Green zones
2.76103;36.2742;Green zones
2.75845;36.2703;Green zones
3.31127;36.4156;Green zones
3.31327;36.2321;Green zones
2.91327;36.1384;Green zones
2.9443;36.1422;Orange zones
2.84522;36.2526;Orange zones
2.73789;36.2757;Orange zones
2.91545;36.132;Green zones
2.56425;36.231;Green zones
3.17432;36.1885;Green zones
2.94214;36.2422;Green zones
3.13828;36.1583;Green zones
3.33315;36.0626;Green zones
3.42124;36.1845;Green zones
3.49419;36.2908;Green zones
2.95909;35.9712;Green zones
3.13068;36.0253;Green zones
3.35375;35.963;Green zones
2.57113;36.1904;Green zones
3.04092;35.8177;Green zones
2.3594;35.55148;Green zones
2.45075;35.8207;Green zones
2.38362;35.9089;Green zones
2.78207;36.2651;Green zones
2.76156;36.2896;Green zones
2.76441;36.2675;Orange zones
2.75633;36.2532;Green zones
2.73516;36.2717;Green zones
2.75983;35.86834;Orange zones
2.74244;35.88671;Green zones
2.90556;36.1351;Green zones
2.72503;36.1616;Green zones
2.78316;36.2555;Green zones
3.0004;36.1889;Green zones
3.0349;35.8942;Green zones
3.29811;35.922;Green zones
2.89589;36.0034;Green zones
3.52625;36.2429;Green zones
3.2191;36.4268;Green zones
3.3452;36.3527;Green zones
2.76479;36.2632;Green zones
2.75468;36.2586;Green zones
3.57653;35.9295;Green zones
3.542;36.3531;Green zones
3.46133;35.8544;Green zones
3.29433;36.4653;Green zones
2.68633;36.3254;Green zones
3.01068;36.1088;Green zones
2.63351;36.2276;Green zones
2.93539;35.8849;Green zones
2.65962;36.1475;Green zones
3.25392;35.872;Green zones
2.6233;35.8283;Green zones
2.77866;36.1992;Green zones
3.25262;36.0304;Green zones
3.113;36.3523;Green zones
2.5267;35.9661;Green zones
2.7145;36.1006;Green zones
2.93181;36.1282;Green zones
3.08239;36.2613;Orange zones
2.67069;36.2396;Green zones
3.08522;36.123;Green zones
2.7637;36.277;Green zones
2.90609;36.131;Green zones
2.74288;36.2507;Orange zones
2.7515;36.28;Green zones
2.4954;35.8309;Green zones
3.02449;36.2674;Green zones
3.0373;36.264;Green zones
3.26349;36.1245;Green zones
2.92264;36.13929;Green zones
3.42001;35.9395;Green zones
3.15896;35.8915;Green zones
3.14638;35.8896;Green zones
2.75048;35.8832;Green zones
2.77107;36.2664;Green zones
2.78897;36.2597;Green zones
3.1246;36.2131;Green zones
3.29728;36.2276;Green zones
2.7646;36.2562;Green zones
2.7573;36.2611;Green zones
2.7816;35.7964;Green zones
2.7597;36.2833;Green zones
2.7556;35.8898;Green zones
2.93531;36.1326;Green zones
2.7732;36.2816;Orange zones
2.85025;36.1993;Green zones
2.92451;36.13022;Green zones
2.76445;35.8705;Green zones
2.754;35.8723;Green zones
2.84518;35.6997;Green zones
2.91233;36.1329;Green zones
2.90404;36.0708;Green zones
3.152429;35.889449;Green zones
3.30531;36.4672;Green zones
2.60604;35.5439;Green zones
2.90307;36.0011;Green zones
3.5305;36.2432;Orange zones
3.3057;36.2264;Green zones
2.7374;36.2806;Green zones
3.30461;36.2739;Green zones
2.6058;35.9482;Green zones
2.79527;36.2637;Green zones
2.782824;36.27002;Green zones
2.7425;36.2837;Green zones
2.6882;36.3231;Green zones
2.9086;36.1425;Green zones
2.725;36.2813;Orange zones
2.7504;36.2502;Green zones
2.355361;35.85625;Green zones
2.85002;36.25909;Green zones
2.7616;36.3656;Green zones
3.4034;35.9388;Green zones
3.41636;36.25539;Green zones
2.777195;36.311301;Green zones
2.9181;36.1441;Green zones
3.32119;36.408603;Green zones
2.919;36.132;Green zones
2.9389;36.1281;Green zones
2.748276;36.277025;Green zones
2.7473;36.2542;Green zones
2.762362;36.252889;Green zones
2.7527;35.8918;Green zones
2.8233;35.948;Green zones
3.310993;36.148611;Green zones
2.7552;36.2757;Green zones
2.6194;35.5463;Green zones
2.819344;35.678027;Green zones
2.7406;36.2476;Green zones
2.7581;36.2809;Green zones
3.40597222;35.9401389;Green zones
2.834713;36.252407;Green zones
3.07191;35.97035;Green zones
2.833257;36.253941;Green zones
2.7899;36.2662;Green zones
2.802839;36.267607;Green zones
2.752111;35.770972;Green zones
3.4739;36.7504;Green zones
3.4634;36.5863;Green zones
3.2654;36.7081;Green zones
3.29222;36.645239;Green zones
3.4011;36.6507;Green zones
3.4035;36.6499;Green zones
3.948607;36.897794;Green zones
3.26061;36.682;Green zones
3.31341;36.6579;Orange zones
3.32919;36.6524;Green zones
3.40312;36.7211;Green zones
3.49779;36.725;Green zones
3.48075;36.7522;Green zones
3.45984;36.7642;Green zones
3.55482;36.7225;Green zones
3.66835;36.7198;Green zones
3.71711;36.7405;Green zones
3.71864;36.7487;Green zones
3.7148;36.8519;Green zones
3.91573;36.9074;Green zones
3.89766;36.9093;Green zones
3.4748433;36.761112;Green zones
3.44217;36.7509;Green zones
3.99265;36.8367;Green zones
3.86263;36.8175;Green zones
3.8637;36.8594;Green zones
3.8546;36.7666;Red zones
3.59897;36.7831;Green zones
3.589;36.6678;Green zones
3.68683;36.6357;Green zones
3.366;36.6889;Orange zones
3.6157;36.7265;Green zones
3.37149;36.6355;Green zones
3.5139;36.7728;Green zones
3.59142;36.6926;Green zones
3.4003;36.7354;Green zones
3.4735;36.7653;Green zones
3.45731;36.752;Green zones
3.5964;36.7867;Green zones
3.6634;36.7274;Green zones
3.72817;36.7422;Orange zones
3.87483;36.9153;Green zones
3.41081;36.7311;Green zones
3.46781;36.7599;Green zones
3.525576;36.774953;Green zones
3.24544;36.6599;Green zones
3.4274;36.713;Green zones
3.3961;36.7084;Green zones
3.39267;36.767;Green zones
3.90436;36.8303;Orange zones
3.81176;36.8075;Green zones
3.27091;36.6789;Green zones
3.48787;36.758;Green zones
3.47997;36.7227;Green zones
3.49633;36.7315;Green zones
3.55811;36.72948;Green zones
3.56407;36.7857;Orange zones
3.70308;36.8303;Green zones
3.87103;36.8094;Green zones
3.83333;36.7467;Green zones
3.72245;36.7319;Green zones
3.67283;36.7198;Green zones
3.35974;36.6878;Green zones
3.5904;36.8067;Green zones
3.93039;36.8608;Green zones
3.47813;36.6263;Green zones
3.9453;36.7984;Green zones
3.40603;36.6595;Green zones
3.56548;36.8034;Green zones
3.48799;36.7634;Green zones
3.4056;36.7712;Green zones
3.84428;36.9034;Green zones
3.77649;36.8935;Green zones
3.72278;36.8777;Green zones
3.99078;36.8975;Green zones
3.81109;36.6736;Orange zones
3.58972;36.6351;Green zones
3.63952;36.8075;Green zones
3.30064;36.7009;Green zones
3.38046;36.7161;Green zones
3.4305;36.7503;Green zones
3.39195;36.7235;Orange zones
3.70703;36.7366;Green zones
3.36316;36.6484;Green zones
3.31748;36.6477;Green zones
3.2577;36.6468;Green zones
3.69674;36.6382;Green zones
3.37096;36.6831;Green zones
3.41531;36.7193;Green zones
3.40368;36.7287;Green zones
3.72025;36.72766;Orange zones
3.47311;36.7492;Green zones
3.66931;36.8035;Orange zones
3.38219;36.7269;Orange zones
3.35756;36.6653;Green zones
3.75301;36.6592;Orange zones
3.72212;36.7373;Orange zones
3.74229;36.7465;Red zones
3.82363;36.7409;Red zones
3.33342;36.6474;Green zones
3.315;36.6415;Green zones
3.26939;36.6597;Green zones
3.40405;36.7338;Green zones
3.38306;36.6961;Green zones
3.662;36.7201;Green zones
3.68299;36.7485;Green zones
3.89804;36.9167;Green zones
3.40015;36.7511;Orange zones
3.455413;36.76292;Green zones
3.43058;36.7358;Green zones
3.5524;36.7272;Green zones
3.58625;36.6907;Green zones
3.9129;36.9115;Green zones
3.39669;36.7267;Green zones
3.32555;36.646;Green zones
3.85746;36.856;Green zones
3.8931;36.8589;Green zones
3.57147;36.7992;Green zones
3.9107;36.8999;Green zones
3.71721;36.7353;Green zones
3.40012;36.6474;Green zones
3.7191;36.7438;Green zones
3.83447;36.7432;Green zones
3.37733;36.679;Orange zones
3.60602;36.768;Orange zones
3.37351;36.76845;Green zones
3.55626;36.7261;Green zones
3.60502;36.7873;Orange zones
3.62106;36.7233;Green zones
3.59848;36.6732;Green zones
3.57817;36.658;Green zones
3.74207;36.68251;Green zones
3.78466;36.7098;Green zones
3.38833;36.73256;Green zones
3.94231;36.83889;Green zones
3.24634;36.672;Green zones
3.34309;36.6858;Green zones
3.469343;36.756643;Green zones
3.41369;36.7258;Orange zones
3.381937;36.705013;Green zones
3.99497;36.82207;Orange zones
3.3057;36.6764;Green zones
3.4139;36.5706;Green zones
3.4106;36.5755;Green zones
3.42225;36.6586;Green zones
3.6808;36.8082;Green zones
3.61443;36.62551;Green zones
3.30969;36.6633;Green zones
3.52469;36.7314;Orange zones
3.5789;36.6182;Green zones
3.4515;36.732;Green zones
3.553342;36.786837;Green zones
3.83061;36.7228;Green zones
3.84445;36.7641;Green zones
3.87864;36.91596;Green zones
3.7633;36.891;Green zones
3.903795;36.892;Red zones
3.3699;36.6735;Orange zones
3.465;36.7416;Green zones
3.3999;36.6372;Green zones
3.3374;36.6299;Green zones
3.732866;36.72389;Orange zones
3.260448;36.668253;Green zones
3.327;36.6494;Green zones
3.2466;36.6655;Green zones
3.306069;36.706707;Green zones
3.336399;36.711993;Green zones
3.2577;36.704213;Orange zones
3.245028;36.656889;Green zones
3.4623711;36.755137;Green zones
3.372251;36.65998;Green zones
3.300656;36.647139;Green zones
3.382798;36.68769;Green zones
3.47564;36.75362;Green zones
3.3651215;36.68168;Green zones
3.4005502;36.711821;Green zones
3.4301;36.72732;Green zones
3.30348;36.69828;Green zones
3.304473;36.654493;Green zones
3.864897;36.902817;Green zones
3.700314;36.638299;Green zones
3.270311;36.652417;Green zones
3.23939;36.664519;Green zones
3.380013;36.630763;Green zones
3.393545;36.600602;Green zones
3.291377;36.671955;Green zones
3.291377;36.654226;Green zones
3.66086;36.724174;Green zones
3.244107;36.666682;Green zones
3.889771;36.917636;Green zones
3.345005;36.709933;Green zones
3.681999;36.634048;Green zones
3.3316;36.695;Green zones
3.3085;36.6313;Green zones
3.2886;36.6573;Green zones
3.26682;36.671834;Green zones
3.39161;36.70611;Green zones
3.381972;36.638112;Green zones
3.86829;36.81379;Green zones
3.907367;36.829097;Green zones
3.442717;36.754767;Green zones
3.815573;36.8089;Green zones
2.47948;36.5921;Green zones
2.76958;36.6404;Green zones
2.74153;36.6621;Green zones
2.69391;36.6396;Green zones
2.6593;36.6221;Green zones
2.61091;36.6045;Green zones
2.45639;36.5833;Green zones
2.43985;36.5896;Green zones
2.41295;36.5106;Green zones
2.18467;36.604;Green zones
2.67704;36.5725;Green zones
2.12432;36.5756;Green zones
1.70217;36.5496;Green zones
2.56331;36.4777;Green zones
2.47725;36.4945;Green zones
2.72817;36.6257;Green zones
2.42686;36.4721;Green zones
2.0522;36.5741;Green zones
2.00098;36.5647;Green zones
2.3934;36.5688;Green zones
2.24256;36.4947;Green zones
2.30643;36.5428;Green zones
2.68041;36.6256;Green zones
2.193;36.607;Green zones
2.69136;36.6452;Green zones
2.48206;36.5931;Green zones
2.75046;36.6481;Green zones
2.4511;36.5905;Green zones
2.41703;36.5064;Green zones
2.7627901;36.63858;Green zones
2.76576;36.6437;Green zones
2.53531;36.5632;Green zones
2.43141;36.5928;Green zones
2.70474;36.6443;Green zones
2.75184;36.6659;Green zones
2.71003;36.6376;Green zones
2.65925;36.6262;Green zones
2.18728;36.6067;Green zones
2.1808;36.6013;Green zones
2.35508;36.6417;Green zones
2.21816;36.6102;Green zones
2.40763;36.6043;Green zones
2.73581;36.6706;Green zones
2.59936;36.5998;Green zones
2.33417;36.5623;Green zones
2.24843;36.5774;Green zones
2.76717;36.6355;Green zones
2.68791;36.6413;Green zones
1.8963;36.5712;Green zones
1.70872;36.5489;Green zones
1.8033;36.5564;Green zones
2.19853;36.6111;Green zones
2.44874;36.5853;Green zones
2.74631;36.6477;Green zones
1.845778;36.503361;Green zones
2.06658;36.5083;Green zones
2.76355;36.6485;Green zones
2.77484;36.6399;Green zones
1.7172;36.4422;Green zones
2.41133;36.5166;Green zones
2.7345;36.6386;Green zones
2.68798;36.6336;Green zones
2.4444;36.5089;Green zones
2.41864;36.5147;Green zones
2.75095;36.6122;Green zones
2.6674;36.6022;Green zones
2.7505;36.6531;Green zones
2.80894;36.64312;Green zones
2.7802;36.655;Green zones
2.12134;36.5838;Green zones
2.7385;36.6501;Green zones
2.20035;36.6065;Green zones
2.1918;36.5056;Green zones
2.2495;36.4954;Green zones
2.3911;36.5375;Green zones
2.42631;36.477;Green zones
2.178402;36.590835;Green zones
2.42011;36.5174;Green zones
2.5021;36.4899;Green zones
2.56683;36.4724;Green zones
2.5241;36.561;Green zones
2.76641;36.6504;Green zones
2.50038;36.4646;Green zones
2.32943;36.4977;Green zones
2.75715;36.6451;Green zones
2.63753;36.572;Green zones
2.408896;36.455175;Green zones
2.80894;36.6431;Green zones
2.47825;36.4975;Green zones
2.697;36.6314;Green zones
2.77193;36.5989;Orange zones
2.7453;36.6408;Green zones
2.70631;36.6301;Green zones
2.72824;36.5985;Green zones
2.6075;36.6004;Green zones
2.455133;36.587614;Green zones
2.5541;36.5162;Green zones
2.499428;36.572853;Green zones
2.5718;36.5763;Green zones
2.61864;36.5895;Green zones
2.79011;36.6392;Green zones
2.46474;36.579;Green zones
2.07977;36.5764;Green zones
2.1775;36.5874;Green zones
2.6793;36.6318;Green zones
2.417983;36.510756;Green zones
2.7974;36.6646;Green zones
2.7913;36.6442;Green zones
2.4595;36.5862;Green zones
2.2627;36.6125;Green zones
2.732269;36.646003;Green zones
2.690306;36.628472;Green zones
2.757693;36.650517;Green zones
2.7815307;36.624672;Green zones
2.47005;36.58546;Green zones
2.44517;36.583;Green zones
2.2732;36.62454;Green zones
2.704843;36.637161;Green zones
2.75542;36.6395;Green zones
2.735458;36.647071;Green zones
2.500762;36.588028;Green zones
2.427532;36.503757;Green zones
2.422898;36.51552;Green zones
2.409442;36.507454;Green zones
2.413945;36.512927;Green zones
2.721656;36.638409;Green zones
2.783697;36.635112;Green zones
1.892043;36.567137;Green zones
2.736442;36.643616;Green zones
2.78683;36.661476;Green zones
2.447855;36.587721;Green zones
2.739175;36.656511;Green zones
2.267237;36.512092;Green zones
2.43627;36.58681;Green zones
1.70241;36.53761;Green zones
2.3009;36.5419;Green zones
2.68711;36.62211;Green zones
2.2035;36.5981;Green zones
2.406;36.6006;Green zones
2.694529;36.581578;Green zones
2.390501;36.572601;Green zones
2.2771;36.6261;Green zones
2.191525;36.60162;Green zones
2.236092;36.587063;Green zones
2.47487778;36.5681167;Green zones
2.7207;36.6257;Green zones
2.1273;36.585;Green zones
2.666;36.6197;Green zones
2.61811;36.60551;Green zones
2.82541;36.61404;Green zones
2.467971;36.578151;Green zones
2.793046;36.641418;Green zones
1.8843;36.3828;Green zones
2.227227;36.153493;Green zones
2.22373;36.21446;Green zones
2.483562;36.086557;Green zones
2.504453;36.149072;Green zones
2.4897;36.1191;Green zones
2.5028;36.1117;Green zones
2.49116;36.1016;Green zones
2.45251;36.351933;Green zones
1.8791;36.1586;Green zones
2.129151;36.121936;Green zones
1.907465;36.303165;Green zones
1.965769;36.355791;Green zones
1.95363;36.2557;Green zones
1.9644;36.2597;Green zones
1.9753;36.2657;Green zones
2.21431;36.2594;Green zones
2.23459;36.2619;Green zones
2.2261;36.2658;Green zones
1.67;36.2231;Green zones
1.84725;36.2331;Green zones
2.1631;36.2719;Green zones
2.3017;36.3291;Green zones
2.4816;36.3722;Green zones
1.8514;36.3147;Orange zones
1.6821;36.2708;Green zones
2.06974;36.2928;Green zones
2.0765;36.1967;Orange zones
1.93175;36.1697;Green zones
2.41242;36.2192;Green zones
2.22528;36.3122;Green zones
2.20142;36.1255;Green zones
1.63939;36.3507;Green zones
2.29833;36.2475;Orange zones
1.68283;36.2102;Green zones
2.23008;36.1811;Green zones
1.715;36.2289;Green zones
1.95997;36.2632;Green zones
2.22647;36.256;Green zones
2.21983;36.2651;Green zones
2.21956;36.261;Green zones
1.63733;36.1911;Green zones
2.54586;36.166;Green zones
2.14461;35.9908;Green zones
1.96931;36.264;Green zones
1.94711;36.2559;Green zones
2.20567;36.2627;Green zones
2.22517;36.3081;Green zones
1.68958;36.2691;Green zones
1.84881;36.3076;Green zones
2.22122;36.2927;Green zones
1.98006;36.2667;Green zones
1.95894;36.2584;Green zones
2.47542;36.3717;Green zones
1.80564;36.2422;Green zones
1.76779;36.2862;Green zones
1.95997;36.3029;Green zones
1.75669;36.0519;Green zones
1.81744;36.155;Green zones
2.16181;36.3121;Green zones
2.4025;36.1604;Green zones
2.30558;36.1011;Green zones
2.39769;36.315;Green zones
2.39287;36.378;Green zones
2.21905;36.304;Green zones
2.21961;36.2571;Green zones
2.23256;36.255;Green zones
2.24478;36.2629;Green zones
1.95319;36.25091;Green zones
1.96464;36.2631;Green zones
1.67222;36.2062;Green zones
1.67639;36.2267;Green zones
1.68217;36.214;Green zones
1.64967;36.2729;Green zones
2.06807;36.289;Green zones
1.68531;36.2735;Green zones
1.68597;36.2678;Green zones
2.07903;36.2043;Green zones
1.77349;36.2439;Green zones
2.01931;36.0843;Green zones
1.83566;35.9171;Green zones
1.84884;35.9806;Green zones
2.4799;36.1046;Green zones
2.39244;36.3526;Green zones
2.21385;36.2642;Green zones
2.20906;36.2579;Green zones
1.97148;36.2611;Orange zones
2.07165;36.296;Red zones
1.8182;36.2153;Orange zones
1.88581;36.2203;Green zones
2.33743;36.3141;Green zones
2.22514;36.261;Green zones
1.94612;36.252;Green zones
1.91457;35.9441;Green zones
2.48753;36.2087;Red zones
1.61751;36.1612;Green zones
1.77062;36.1707;Green zones
2.01201;36.1698;Green zones
2.42777;36.3358;Green zones
1.92776;36.2408;Green zones
2.22383;36.2518;Green zones
2.4218;36.2195;Green zones
2.1571;36.2661;Green zones
1.83749;36.1582;Green zones
1.84505;36.3042;Green zones
2.2249;36.1825;Green zones
2.22638;36.3025;Green zones
2.47113;36.3732;Orange zones
2.07474;36.2013;Green zones
2.22012;36.2695;Green zones
1.64054;36.2696;Green zones
1.67234;36.2159;Green zones
1.80618;36.2479;Green zones
1.80708;36.2328;Green zones
2.16569;36.2652;Green zones
1.92569;36.1977;Green zones
1.66205;36.2233;Green zones
1.6856;36.2779;Green zones
2.2394;36.3092;Green zones
1.84601;36.3081;Green zones
2.127375;36.251095;Green zones
2.40049;36.3813;Green zones
1.7161;36.2259;Green zones
2.07602;36.1877;Red zones
2.2959;36.2493;Green zones
1.76803;36.283;Red zones
1.85725;36.3117;Green zones
2.510338;36.176871;Green zones
1.76964;36.3326;Green zones
2.51149;36.3079;Green zones
2.116;36.1955;Green zones
2.409705;36.271462;Green zones
2.3379;36.2638;Orange zones
2.2381;36.2597;Orange zones
2.418927778;36.22303889;Green zones
1.979;36.262;Orange zones
2.22458;36.305731;Green zones
2.160455;36.264124;Green zones
2.1858;36.2065;Orange zones
2.21405;36.3081;Green zones
2.324;36.2336;Green zones
2.1349;36.2759;Green zones
1.67532;36.096;Green zones
2.14172;36.1197;Green zones
1.7539;36.1104;Green zones
1.93276;36.2558;Green zones
1.913586;36.207666;Green zones
2.244;36.2357;Green zones
2.197379;36.266109;Green zones
2.197752;36.268851;Green zones
2.412261;36.222597;Green zones
2.063485;36.299091;Green zones
1.996702;36.270407;Green zones
2.1837;36.2658;Green zones
2.0351;36.2412;Green zones
2.1874;36.2622;Green zones
1.9439;36.2469;Green zones
2.224121;36.248267;Green zones
1.91484;36.20229;Green zones
1.938138;36.194221;Green zones
2.22975;36.251812;Green zones
1.6878971;36.206495;Green zones
1.67645;36.219522;Green zones
1.658113;36.220981;Green zones
1.68215;36.26586;Green zones
1.940478;36.256202;Green zones
1.933187;36.25025;Green zones
1.675972;36.276121;Green zones
1.6928;36.2835;Green zones
2.483382;36.365568;Green zones
1.9593;36.2524;Green zones
1.973457;36.271065;Green zones
2.074878;36.20704;Green zones
1.872517;36.262425;Green zones
1.6499;36.2027;Green zones
1.580678;36.251797;Green zones
1.57944;36.33244;Green zones
2.439337;36.308561;Green zones
2.056959;36.194775;Green zones
2.417492;36.330095;Green zones
2.385813;36.262586;Green zones
1.676875;36.173098;Green zones
1.581223;36.151321;Green zones
1.704293;36.165581;Green zones
1.741897;36.170224;Green zones
1.96579;36.164661;Green zones
1.920544;36.173986;Green zones
2.150103;36.201962;Green zones
1.967801;36.2685;Green zones
1.981305;36.258953;Green zones
1.924321;36.165487;Green zones
2.222166;36.300945;Green zones
1.681132;36.205819;Green zones
1.697742;36.220039;Green zones
1.859912;36.139929;Green zones
2.386092;36.374071;Green zones
2.382468;36.377175;Green zones
2.247947;36.260046;Green zones
6.57359;36.03499;Green zones
6.8693;35.9718;Green zones
7.39316;35.7883;Green zones
6.8753;35.9698;Green zones
6.87505;35.9669;Green zones
6.572962;36.054339;Green zones
6.59808;36.0135;Orange zones
6.56967;36.0393;Orange zones
6.57154;36.0202;Green zones
6.57106;36.0278;Green zones
6.56464;36.0517;Green zones
6.55996;36.0409;Green zones
7.12923;35.8657;Green zones
6.859242;35.970177;Green zones
5.89587;36.7717;Green zones
5.650483;36.787991;Green zones
5.76108;36.8223;Green zones
5.7488;36.8079;Green zones
5.77129;36.8175;Green zones
5.77786;36.804;Green zones
5.87978;36.7927;Green zones
5.74931;36.819;Green zones
5.74594;36.8029;Green zones
5.76079;36.8108;Green zones
5.76322;36.8058;Green zones
6.27862;36.7542;Green zones
5.89843;36.7693;Green zones
6.05182;36.8549;Green zones
5.95968;36.7708;Green zones
5.80837;36.7693;Green zones
6.26515;36.6568;Orange zones
6.33472;36.7179;Green zones
6.13621;36.8203;Green zones
6.17891;36.7021;Green zones
5.84882;36.7537;Green zones
5.48116;36.6744;Green zones
5.62736;36.7703;Green zones
5.89215;36.5809;Green zones
5.79293;36.6612;Green zones
5.97258;36.8267;Green zones
5.75686;36.8206;Green zones
5.73779;36.8107;Green zones
6.27143;36.7514;Green zones
6.01868;36.662;Green zones
6.17258;36.602;Green zones
5.80757;36.6131;Orange zones
5.76028;36.8182;Green zones
5.89791;36.7784;Green zones
6.27696;36.7443;Orange zones
5.88397;36.7636;Green zones
6.20211;36.7118;Green zones
6.27317;36.6357;Green zones
5.96382;36.772;Green zones
5.84237;36.8026;Green zones
5.68231;36.8061;Green zones
5.5695;36.757572;Green zones
5.54883;36.7086;Green zones
5.529121;36.701043;Green zones
5.77364;36.8103;Green zones
6.12164;36.8084;Green zones
5.89902;36.7612;Green zones
6.26791;36.7628;Green zones
6.38125;36.6455;Green zones
6.22921;36.7541;Green zones
5.76459;36.8198;Green zones
5.59828;36.7758;Green zones
5.77301;36.8027;Green zones
5.89316;36.7695;Green zones
5.90025;36.7734;Green zones
5.95089;36.8002;Green zones
5.96101;36.8248;Green zones
6.15848;36.7992;Green zones
6.26422;36.7956;Green zones
5.61103;36.768;Green zones
5.44986;36.6615;Green zones
5.95408;36.6776;Green zones
5.90197;36.7833;Green zones
5.84279;36.7576;Green zones
5.745766;36.8229;Green zones
5.76793;36.8123;Red zones
6.14239;36.8792;Green zones
6.27692;36.7475;Red zones
6.13927;36.7311;Green zones
5.57836;36.5881;Green zones
5.65235;36.6251;Green zones
5.7199;36.8159;Green zones
5.9358;36.6985;Red zones
5.74115;36.8009;Green zones
6.2905;36.6392;Red zones
5.75695;36.8087;Green zones
5.84294;36.7486;Green zones
5.94541;36.7666;Green zones
5.88865;36.7609;Green zones
5.81225;36.7743;Green zones
5.95451;36.8219;Green zones
5.77373;36.7612;Green zones
6.16742;36.8088;Green zones
5.76551;36.8093;Green zones
5.91326;36.8132;Green zones
6.26993;36.748;Green zones
6.26305;36.7631;Green zones
5.74878;36.7992;Green zones
5.75341;36.8055;Green zones
5.76776;36.8226;Green zones
6.05594;36.8546;Green zones
6.27422;36.6444;Green zones
5.46073;36.6617;Green zones
5.66217;36.788;Green zones
5.79726;36.7927;Green zones
5.90488;36.7882;Green zones
5.95851;36.7353;Green zones
6.23104;36.6422;Green zones
5.84061;36.8001;Green zones
5.84851;36.5904;Green zones
6.33864;36.7188;Green zones
5.73748;36.804;Green zones
5.807804;36.597777;Green zones
6.02694;36.7523;Green zones
5.89395;36.7056;Green zones
6.241643;36.74525;Green zones
5.786881;36.803114;Green zones
5.80304;36.79966;Green zones
5.752187;36.80169;Green zones
5.837336;36.804793;Green zones
6.289983;36.757483;Green zones
5.720506;36.803942;Orange zones
6.251022;36.740867;Green zones
6.360356;36.683531;Green zones
5.802491;36.790823;Green zones
5.74845;36.812365;Green zones
5.808296;36.743109;Green zones
5.816543;36.796691;Green zones
5.760449;36.798799;Green zones
5.743506;36.817476;Green zones
6.224301;36.761366;Green zones
5.841558;36.791924;Green zones
6.053449;36.849199;Green zones
6.231115;36.764884;Green zones
5.955729;36.804088;Green zones
6.070377;36.863059;Green zones
5.99056;36.835005;Green zones
5.922613;36.756779;Green zones
5.673;36.1535;Green zones
5.40162;36.1537;Green zones
5.689275;36.151725;Green zones
5.432677;36.204971;Green zones
5.3925;36.1972;Green zones
5.3916;36.1915;Orange zones
5.39903;36.1804;Green zones
5.40302;36.2021;Green zones
5.40311;36.1889;Green zones
5.40591;36.1863;Green zones
5.409663;36.195252;Green zones
5.411;36.1823;Green zones
5.41175;36.1764;Green zones
5.41966;36.1896;Orange zones
5.41969;36.196;Green zones
5.41425;36.1903;Green zones
5.49511;36.3573;Green zones
5.4257;36.202;Green zones
5.42648;36.1909;Green zones
5.42701;36.1853;Green zones
5.43933;36.1905;Green zones
5.4335;36.1957;Green zones
5.4001;36.1946;Green zones
5.443;36.1967;Green zones
5.43433;36.2026;Green zones
5.68983;36.1524;Green zones
5.68749;36.1623;Green zones
5.68324;36.1456;Green zones
5.67617;36.1542;Green zones
5.2339;36.1704;Green zones
5.31199;36.1893;Green zones
5.29411;35.9266;Green zones
5.29497;35.9171;Green zones
5.51227;35.8169;Green zones
5.28594;35.8519;Green zones
5.49203;36.0886;Green zones
5.5397;35.9401;Green zones
5.83696;36.12984;Green zones
5.71279;36.1159;Orange zones
5.2869;35.9724;Green zones
5.33825;36.037;Green zones
5.40667;36.2822;Green zones
5.08986;36.3315;Green zones
5.50256;36.3633;Green zones
5.40858;36.3864;Green zones
5.73683;36.3151;Green zones
5.64366;36.467;Green zones
5.35758;36.4317;Green zones
5.55761;36.1679;Green zones
5.66774;35.8936;Orange zones
5.29558;36.301;Green zones
5.53055;36.4902;Green zones
5.10145;36.4732;Green zones
5.03411;36.5032;Green zones
5.95009;36.064;Green zones
5.43133;35.9631;Green zones
4.8935;36.4074;Green zones
4.86692;36.4671;Green zones
4.97055;36.4449;Green zones
5.075;36.3976;Green zones
5.05708;36.328;Green zones
5.38039;35.6771;Green zones
5.10099;36.4967;Green zones
5.71893;36.2551;Green zones
5.34007;36.1096;Green zones
5.60806;36.2861;Green zones
5.80488;35.9789;Green zones
5.44374;36.1477;Green zones
5.68701;36.2094;Green zones
5.1263;36.2655;Green zones
5.43768;36.3345;Green zones
5.39687;36.1732;Green zones
5.44665;36.1889;Green zones
5.6763;36.1606;Green zones
5.674;36.1463;Green zones
5.31942;36.1888;Green zones
5.5128;36.3641;Green zones
5.85318;36.2031;Green zones
5.57994;36.4802;Green zones
5.70947;36.4879;Green zones
5.17939;36.3341;Green zones
5.26499;35.8104;Green zones
5.42104;36.1809;Green zones
5.69548;36.1586;Green zones
5.31127;36.1832;Green zones
5.3865;36.1924;Green zones
5.39548;36.2269;Green zones
5.43534;36.2097;Green zones
5.4433;36.2044;Green zones
5.44387;36.1912;Green zones
5.44515;36.1388;Green zones
5.53586;35.934;Green zones
5.3655;35.6728;Green zones
5.69603;36.1358;Green zones
5.70697;36.1549;Green zones
5.67095;36.1557;Green zones
5.81195;35.9814;Green zones
5.2983;35.93;Green zones
5.51011;35.8246;Green zones
5.66573;35.8901;Green zones
5.64862;36.4636;Green zones
5.08897;36.4558;Green zones
5.37145;36.2082;Green zones
4.84127;36.3358;Green zones
5.63559;36.1557;Green zones
5.70444;36.1566;Green zones
5.75786;36.1519;Green zones
5.53107;36.1189;Green zones
5.54017;35.9371;Orange zones
5.69196;36.1487;Green zones
5.29388;36.2962;Green zones
5.3841;35.7085;Green zones
5.39286;36.1947;Green zones
5.71822;36.0086;Green zones
4.85851;36.4414;Green zones
5.84142;36.13584;Green zones
5.41216;36.1988;Green zones
5.63215;36.3218;Green zones
5.12171;36.5596;Green zones
5.09828;35.8129;Green zones
5.59189;36.3827;Green zones
5.19069;35.9017;Green zones
5.32138;35.6628;Green zones
4.90227;36.5187;Green zones
5.69998;36.3796;Green zones
5.96913;35.9597;Green zones
5.3362;36.1061;Green zones
5.29635;35.9214;Green zones
5.29807;35.8857;Orange zones
5.29907;35.9129;Green zones
5.40818;36.2031;Green zones
5.40036;36.1849;Green zones
5.40434;36.1806;Green zones
5.42811;36.2;Green zones
5.42012;36.1999;Green zones
5.41645;36.2022;Green zones
5.42701;36.195;Green zones
5.43322;36.1907;Green zones
5.43877;36.1957;Green zones
5.51472;36.1915;Green zones
5.2972;35.9551;Green zones
5.50456;35.8173;Green zones
5.51995;35.8169;Green zones
5.68161;36.1614;Green zones
5.32865;36.047;Green zones
5.68124;36.15;Orange zones
5.69445;36.163;Green zones
5.69435;36.1535;Green zones
5.70221;36.1468;Green zones
5.69978;36.1529;Green zones
5.12775;36.4166;Green zones
5.29378;35.8577;Green zones
5.40435;36.1992;Green zones
5.23531;36.1736;Green zones
5.41253;36.1864;Green zones
5.218;35.7588;Green zones
5.15414;35.7269;Green zones
5.55261;36.015;Orange zones
5.89903;35.9312;Green zones
5.79547;36.2653;Green zones
5.77845;36.2517;Green zones
5.38954;36.4625;Green zones
4.90294;36.4047;Green zones
5.10177;36.5153;Green zones
5.58659;36.0385;Green zones
5.48431;36.3245;Green zones
5.6662;36.1723;Green zones
5.36387;35.8582;Green zones
4.98346;36.396;Green zones
5.50728;36.3696;Green zones
5.11446;36.2448;Green zones
5.26508;36.1997;Green zones
4.91858;36.5096;Green zones
4.99573;36.4988;Green zones
5.19788;36.1291;Green zones
5.68791;36.1584;Green zones
5.49819;36.1792;Green zones
5.47795;36.1795;Green zones
5.38952;36.1982;Green zones
4.8496;36.3899;Green zones
5.726;36.3141;Green zones
5.74377;36.3141;Green zones
5.678;36.1428;Green zones
5.03266;36.35194;Green zones
5.29061;35.8554;Green zones
5.40844;36.178;Green zones
5.51051;35.8096;Green zones
5.2888;35.9763;Green zones
5.30151;35.9196;Green zones
5.6741;36.1126;Green zones
5.43801;36.1466;Green zones
5.31551;36.194;Green zones
5.33771;36.1767;Green zones
5.0768;36.3313;Orange zones
5.10378;36.3314;Green zones
5.40928;36.2875;Green zones
5.66048;36.171;Green zones
4.90115;36.4651;Green zones
5.67099;36.4662;Green zones
5.46749;36.0817;Green zones
5.68052;36.1652;Green zones
4.85373;36.303;Green zones
4.9891;36.3613;Green zones
5.84147;36.1313;Green zones
5.65822;36.3784;Green zones
5.16901;36.4086;Green zones
5.23464;36.3329;Green zones
5.29438;36.307;Green zones
5.08184;36.5457;Green zones
4.92333;36.4436;Green zones
5.40817;36.2091;Green zones
5.37593;36.0066;Green zones
5.32395;36.1448;Green zones
5.01463;36.3297;Green zones
5.44254;36.2202;Green zones
5.408;36.1732;Green zones
5.19929;36.00255;Green zones
5.29147;36.1489;Green zones
5.53862;36.17;Green zones
5.80427;36.1644;Green zones
5.34164;36.1636;Red zones
5.29093;35.9135;Green zones
5.7108;36.1582;Green zones
5.71175;36.1532;Green zones
5.44898;36.2105;Green zones
5.369245;36.197099;Green zones
5.39082;36.1656;Green zones
5.4095;36.19077;Green zones
5.42331;36.1546;Green zones
5.36145;36.1959;Orange zones
5.690654;36.171377;Green zones
5.2333;36.1371;Green zones
5.50832;36.0656;Green zones
5.427868;36.209617;Green zones
7.7097756;36.3905743;Green zones
5.9003868;36.1246037;Green zones
5.7448;36.064;Green zones
5.8016349;36.1217071;Green zones
5.448487;36.199046;Green zones
5.32291;36.19397;Green zones
5.408389;36.18833;Green zones
5.285643;35.925976;Green zones
5.655709;36.155816;Green zones
5.51842;36.199733;Green zones
5.72268;36.142305;Green zones
5.519858;35.822532;Green zones
5.43868;36.19925;Green zones
5.378195;36.212937;Green zones
5.442006;36.209088;Green zones
5.67121;36.16373;Green zones
5.65559;36.16947;Green zones
5.6729663;36.1500429;Green zones
5.660458;35.893111;Green zones
5.841473;36.127241;Green zones
5.4182252;36.1641864;Green zones
5.434126;36.186264;Green zones
5.397116;36.201684;Green zones
5.812177;35.975278;Green zones
5.385991;36.171034;Green zones
5.7042;36.161;Green zones
5.469502;36.372093;Green zones
5.429534;36.154262;Green zones
5.316079;36.170172;Green zones
5.509685;36.35413;Green zones
5.494198;36.167545;Green zones
5.47227;36.1764;Green zones
5.685964;36.165893;Green zones
5.708683;36.162764;Green zones
5.45583;36.20569;Orange zones
5.41456;36.2075;Green zones
5.447065;36.192762;Green zones
5.711177;36.140797;Green zones
5.29601;35.9019;Green zones
5.4146;36.1956;Green zones
5.399259;36.189438;Green zones
5.678176;36.170288;Green zones
5.32561;36.1688;Green zones
5.546052;35.937716;Green zones
5.45871;36.17805;Green zones
5.677983;36.147065;Green zones
5.413074;36.203043;Green zones
5.486706;36.170261;Green zones
5.6723;36.11895;Green zones
5.387742;36.194139;Green zones
5.694489;36.143779;Green zones
5.084561;36.336575;Green zones
5.645726;36.459858;Green zones
5.67934;35.797482;Green zones
5.736492;36.3092;Orange zones
5.516419;36.353789;Green zones
5.405775;36.278209;Green zones
4.84826;36.439292;Green zones
5.42738;36.17907;Green zones
5.664868;36.151889;Orange zones
5.509755;36.353811;Green zones
5.372447;36.213361;Green zones
5.490032;36.155354;Green zones
5.517609;35.81074;Green zones
5.30094;35.925017;Green zones
5.483196;36.332882;Green zones
5.501375;35.811114;Green zones
5.308096;36.323438;Green zones
5.695862;36.128004;Green zones
5.266069;36.253846;Green zones
5.07354;36.501192;Green zones
5.380604;36.17109;Green zones
5.421298;36.385942;Green zones
5.3798;36.173897;Green zones
5.506546;36.075314;Green zones
5.48696;36.343614;Green zones
5.364651;36.016765;Green zones
5.42472;36.206387;Green zones
5.416292;36.198689;Green zones
5.688925;36.135713;Green zones
5.291431;35.860742;Green zones
5.310912;35.917663;Green zones
5.291319;35.850436;Green zones
5.41669;36.36924;Green zones
5.174673;36.337865;Green zones
5.386049;36.178452;Green zones
5.497993;36.273636;Green zones
5.276784;35.929945;Green zones
5.401326;36.175313;Green zones
5.720284;36.098016;Green zones
5.412584;36.378388;Green zones
5.397788;36.355693;Green zones
5.280513;36.216914;Green zones
5.355305;36.423636;Green zones
5.042054;36.479968;Green zones
5.381401;35.698794;Green zones
5.597138;35.863891;Green zones
5.6635;36.01681;Green zones
5.864534;36.141866;Green zones
5.454025;36.210505;Green zones
5.454089;36.213682;Green zones
5.370348;36.202175;Green zones
5.665333;36.158271;Green zones
5.416955;36.180838;Green zones
5.404934;36.205036;Green zones
5.438826;36.202946;Green zones
5.429751;36.18694;Green zones
5.676858;36.157396;Green zones
5.630157;36.16639;Green zones
5.705738;36.143347;Green zones
5.442467;36.201671;Green zones
5.431767;36.208393;Green zones
5.440759;36.205236;Green zones
5.400405;36.22678;Green zones
5.697776;36.149334;Green zones
6.9089;36.878;Green zones
7.10881;36.7633;Green zones
7.15572;36.7378;Green zones
7.10375;36.7367;Green zones
6.835957;36.652432;Green zones
7.10851;36.7414;Green zones
7.10378;36.7368;Green zones
6.83455;36.6518;Green zones
6.83931;36.6535;Orange zones
6.8669;36.6983;Green zones
6.31595;36.9982;Green zones
6.89038;36.7528;Green zones
6.89639;36.8433;Green zones
7.045565;36.904317;Green zones
7.05122;36.8909;Green zones
6.98891;36.8861;Green zones
6.90258;36.8737;Green zones
6.89944;36.887;Green zones
6.88288;36.8295;Green zones
6.91771;36.8577;Green zones
6.75021;36.5978;Green zones
6.95368;36.8477;Green zones
6.93394;36.8458;Green zones
6.97904;36.8561;Green zones
6.9084;36.8714;Green zones
7.05964;36.7189;Orange zones
7.30841;36.7659;Green zones
6.9703;36.6859;Green zones
6.91727;36.7244;Green zones
6.89459;36.7533;Green zones
6.91593;36.8817;Green zones
6.92288;36.8561;Green zones
6.63848;36.6264;Green zones
6.72272;36.6802;Green zones
6.57256;36.6897;Orange zones
6.4321;36.7505;Green zones
6.64374;36.8364;Green zones
6.79567;36.7921;Green zones
7.17592;36.7791;Green zones
7.2936;36.8596;Green zones
7.33511;36.8126;Green zones
7.07795;36.6616;Green zones
7.2404;36.7356;Green zones
7.30516;36.7003;Green zones
6.5841;36.9303;Green zones
6.56312;36.9804;Green zones
6.55332;36.9989;Green zones
6.45835;36.9906;Green zones
6.48071;36.9299;Green zones
6.80811;36.7014;Green zones
6.51486;37.0051;Green zones
6.57062;36.8088;Green zones
6.74741;36.5627;Green zones
7.253198;37.029501;Green zones
6.9118;36.8567;Green zones
6.9075;36.88;Green zones
6.90719;36.8796;Green zones
6.896;36.8829;Green zones
6.5608;37.008;Green zones
6.89499;36.6009;Green zones
6.33452;36.9953;Green zones
6.91194;36.8759;Green zones
6.91347;36.8647;Green zones
6.89339;36.7583;Orange zones
6.4276;36.7433;Orange zones
6.44512;36.8365;Green zones
6.89752;36.8786;Green zones
6.90668;36.8685;Green zones
6.90468;36.8588;Green zones
6.92093;36.8628;Green zones
6.87914;36.8996;Green zones
6.56499;37.0057;Green zones
6.52553;36.9693;Green zones
6.37384;36.7846;Green zones
6.90002;36.8647;Green zones
6.89121;36.8738;Green zones
7.10692;36.7452;Green zones
6.80269;36.7047;Green zones
6.92711;36.7856;Green zones
6.95844;36.5063;Green zones
7.1072;36.7384;Green zones
7.11425;36.7409;Green zones
6.83008;36.649;Green zones
6.83583;36.6581;Red zones
6.9966;36.8875;Green zones
6.94551;36.8463;Green zones
6.58172;36.6893;Green zones
6.63979;36.8408;Orange zones
6.55739;37.0023;Green zones
6.61031;36.9577;Green zones
6.91755;36.8673;Green zones
6.52422;36.8091;Green zones
6.90422;36.8834;Green zones
6.92142;36.8745;Green zones
6.89691;36.8678;Green zones
6.91144;36.8602;Green zones
6.90069;36.8577;Green zones
7.05166;36.8978;Green zones
6.40499;37.0385;Green zones
6.3062;36.9273;Green zones
7.00628;36.8765;Green zones
7.22161;36.732;Green zones
6.9417;36.687;Green zones
6.60947;36.8725;Green zones
6.8632;36.631;Orange zones
6.92282;36.8766;Green zones
7.11529;36.7438;Green zones
6.85758;36.70276;Green zones
6.83424;36.6484;Green zones
6.56976;36.6873;Green zones
6.94041;36.7737;Green zones
6.61838;36.7941;Green zones
6.90116;36.8467;Green zones
6.55852;36.9802;Green zones
6.80659;36.7054;Green zones
7.33109;36.8138;Green zones
7.1689;36.7836;Green zones
6.85524;36.7041;Green zones
6.88896;36.8261;Green zones
6.89459;36.5988;Green zones
7.11143;36.7443;Green zones
7.10348;36.7433;Green zones
7.07383;36.6605;Green zones
6.71981;36.67894;Green zones
6.72007;36.6826;Green zones
6.63206;36.6291;Green zones
6.63879;36.8381;Green zones
7.31813;36.7351;Green zones
6.52685;36.9306;Green zones
6.55268;36.9237;Green zones
6.40137;36.7446;Green zones
6.64797;36.7038;Green zones
6.67856;36.6786;Green zones
6.91664;36.8598;Green zones
7.05201;36.89405;Green zones
6.97841;36.886;Green zones
6.95516;36.8367;Green zones
7.2006;36.7246;Green zones
7.0194;36.6952;Green zones
6.74093;36.5904;Orange zones
6.8085;36.617;Green zones
7.0133;36.8759;Green zones
6.43784;36.7449;Green zones
6.6025;36.8023;Green zones
6.9336;36.8745;Orange zones
6.83234;36.6542;Green zones
6.6272;36.8098;Orange zones
7.02877;36.8966;Green zones
6.54437;36.663;Green zones
6.85586;36.6736;Green zones
6.86928;36.7356;Green zones
6.7682;36.5547;Green zones
6.87895;36.7914;Green zones
7.02849;36.758;Green zones
6.90799;36.8452;Red zones
7.109044;36.749443;Green zones
7.12442;36.7422;Green zones
6.877285;36.88045;Green zones
7.024578;36.894647;Green zones
6.760922;36.707238;Green zones
6.7471;36.552154;Green zones
6.961602;36.86623;Green zones
6.947517;36.840719;Green zones
6.847241;36.647517;Green zones
7.029852;36.887239;Green zones
6.92809;36.8504;Green zones
7.054957;36.901403;Green zones
6.872248;36.871555;Green zones
6.653097;36.833533;Green zones
6.933855;36.855198;Green zones
6.816273;36.666531;Green zones
6.892582;36.85612;Red zones
6.891468;36.848112;Orange zones
6.551276;37.005113;Green zones
6.87843;36.837405;Green zones
7.040018;36.885802;Green zones
6.569152556;36.767413;Green zones
6.788889;36.735986;Green zones
6.576404;36.68168;Green zones
6.821921;36.663835;Red zones
6.729964;36.683834;Green zones
6.827794;36.656903;Green zones
7.121795;36.747974;Green zones
6.807223;36.601962;Green zones
6.900393;36.665724;Green zones
6.863372;36.625224;Green zones
7.214814;36.729985;Green zones
6.966195;36.847038;Green zones
6.55436;37.008362;Green zones
6.711403;36.688184;Green zones
6.713498;36.671571;Green zones
6.728478;36.677335;Green zones
6.927322;36.842824;Green zones
6.893364;36.821137;Orange zones
6.974304;36.851744;Green zones
6.572573;36.974786;Green zones
6.643109;36.844385;Green zones
6.995529;36.872689;Green zones
7.261703;37.025884;Green zones
6.893931;36.85229;Green zones
7.287928;36.712853;Green zones
7.71507;36.88547;Green zones
7.73349;36.9097;Green zones
7.72855;36.8903;Green zones
7.75114;36.8565;Green zones
7.74063;36.8769;Green zones
7.71564;36.8872;Green zones
7.8126;36.8218;Green zones
7.78024;36.85;Green zones
7.73436;36.8864;Green zones
7.7439;36.848;Green zones
7.72964;36.9021;Green zones
7.70929;36.8289;Green zones
7.70435;36.813;Green zones
7.73855;36.80608;Green zones
7.45753;36.8341;Green zones
7.66676;36.8387;Green zones
7.675;36.9115;Green zones
7.60053;36.6384;Green zones
7.56027;36.834;Green zones
7.3754;37.0671;Green zones
7.72418;36.8927;Green zones
7.4907;36.8802;Green zones
7.7728;36.8646;Green zones
7.71147;36.8082;Green zones
7.73038;36.7924;Green zones
7.74058;36.8562;Green zones
7.7148;36.8762;Green zones
7.72388;36.8801;Green zones
7.74103;36.8135;Green zones
7.79014;36.8556;Green zones
7.6912;36.7938;Green zones
7.69835;36.8361;Orange zones
7.59919;36.693;Green zones
7.5925;36.787;Green zones
7.591;36.6478;Green zones
7.4617;36.7402;Green zones
7.4263;36.8475;Green zones
7.51796;36.8624;Green zones
7.59913;36.8286;Green zones
7.38001;37.0669;Green zones
7.32992;36.9973;Green zones
7.4275;36.8989;Green zones
7.71018;36.81305;Green zones
7.74146;36.8516;Green zones
7.55584;36.7209;Green zones
7.74443;36.8936;Green zones
7.72853;36.8967;Green zones
7.7778;36.8591;Green zones
7.73713;36.7973;Green zones
7.62452;36.7881;Green zones
7.68538;36.852;Green zones
7.60483;36.8046;Green zones
7.74652;36.8527;Green zones
7.65982;36.7885;Green zones
7.72269;36.8181;Green zones
7.7362;36.8457;Green zones
7.63271;36.8265;Green zones
7.70655;36.8376;Green zones
7.72976;36.86;Green zones
7.71247;36.8161;Green zones
7.46136;36.8331;Green zones
7.72295;36.8449;Green zones
7.78481;36.8587;Green zones
7.64145;36.7533;Green zones
7.7401;36.8736;Green zones
7.65914;36.7853;Green zones
7.62491;36.70961;Green zones
7.70284;36.8358;Green zones
7.64731;36.6809;Green zones
7.45251;36.7311;Green zones
7.58619;36.6484;Green zones
7.62296;36.7922;Green zones
7.707296;36.821006;Green zones
7.4843;36.8793;Green zones
7.438068;36.823501;Green zones
7.702396;36.855737;Green zones
7.72867;36.9053;Orange zones
7.73708;36.908;Green zones
7.68006;36.9122;Green zones
7.75002;36.6534;Green zones
7.50569;36.8345;Green zones
7.68023;36.837;Green zones
7.697952;36.78963;Green zones
7.559386;36.69334;Green zones
7.528657;36.870619;Green zones
7.82154;36.8241;Green zones
7.763754;36.867559;Green zones
7.729244;36.82541;Green zones
7.71809;36.832911;Green zones
7.7339;36.8434;Green zones
7.737005;36.850364;Green zones
7.74272;36.85839;Green zones
7.6073;36.8128;Green zones
7.532832;36.849446;Green zones
7.6018;36.7929;Orange zones
7.657512;36.839446;Green zones
7.527876;36.875636;Green zones
7.423958;36.833882;Green zones
7.60163;36.832931;Green zones
7.432332;36.818318;Green zones
7.718446;36.822474;Green zones
7.748278;36.81797;Green zones
7.7176;36.8121;Green zones
7.412968;36.829137;Green zones
7.729892;36.857962;Orange zones
7.730535;36.865426;Green zones
7.750198;36.873443;Green zones
7.73496;36.802254;Green zones
7.610541;36.832759;Green zones
7.6052;36.788;Green zones
7.735167;36.859136;Green zones
7.722646;36.814922;Green zones
7.72651;36.859571;Green zones
7.714762;36.869762;Green zones
7.70774;36.809068;Green zones
7.43253;36.4668;Green zones
7.2768;36.476;Green zones
7.41853;36.4671;Green zones
7.41969;36.4585;Green zones
7.43181;36.461;Green zones
7.43571;36.4523;Green zones
7.4711;36.4643;Green zones
7.43944;36.4641;Green zones
7.42766;36.4652;Green zones
7.16367;36.3132;Green zones
7.43888;36.5014;Green zones
7.73428;36.4685;Green zones
7.71655;36.5582;Green zones
7.26989;36.4629;Green zones
7.64547;36.3275;Green zones
7.76352;36.3786;Green zones
7.51487;36.4579;Green zones
7.14247;36.1591;Green zones
7.2251;36.5504;Green zones
7.04858;36.3997;Green zones
7.24839;36.2453;Green zones
7.78367;36.4352;Green zones
7.42367;36.4699;Green zones
7.41283;36.4622;Green zones
7.42222;36.4481;Green zones
7.44092;36.4557;Green zones
7.47672;36.4609;Green zones
7.46244;36.4666;Green zones
7.43961;36.5068;Green zones
7.43555;36.4694;Green zones
7.51546;36.6069;Green zones
7.32416;36.5917;Green zones
7.28544;36.4156;Green zones
7.69798;36.6174;Green zones
7.40023;36.2633;Green zones
7.07219;36.2599;Green zones
7.6019;36.478;Green zones
7.36954;36.4323;Green zones
7.42433;36.4633;Green zones
7.4233;36.453;Green zones
7.16532;36.3186;Green zones
7.7932;36.37455;Green zones
7.72404;36.4712;Green zones
7.14029;36.1546;Green zones
7.41469;36.4588;Green zones
7.41199;36.466;Green zones
7.32635;36.6608;Green zones
7.2506;36.3854;Green zones
7.25936;36.4614;Green zones
7.44848;36.4694;Green zones
7.65548;36.4273;Green zones
7.21722;36.2815;Green zones
7.39941;36.5055;Green zones
7.11698;36.0928;Green zones
7.4399;36.4455;Green zones
7.41746;36.4625;Green zones
7.72676;36.4757;Green zones
7.2337;36.546;Green zones
7.33592;36.4755;Green zones
7.51059;36.4618;Green zones
7.40849;36.4628;Green zones
7.41944;36.4714;Green zones
7.43131;36.4487;Green zones
7.43576;36.4619;Green zones
7.13652;36.1576;Green zones
7.24842;36.2418;Green zones
7.47622;36.4647;Green zones
7.15567;36.3141;Green zones
7.71047;36.4591;Green zones
7.51895;36.4591;Green zones
7.43005;36.4551;Green zones
7.71896;36.4911;Green zones
7.27;36.4572;Green zones
7.15784;36.3071;Green zones
7.409;36.452;Green zones
7.431773;36.438525;Green zones
7.27678;36.47598;Green zones
7.422213;36.443436;Green zones
7.433052;36.465094;Green zones
7.465036;36.385645;Green zones
7.427819;36.445315;Green zones
7.457152;36.468288;Green zones
7.442745;36.499387;Green zones
7.169361;36.321059;Green zones
7.740483;36.460917;Green zones
7.139321;36.16222;Green zones
7.168818;36.300358;Green zones
7.253066;36.251274;Green zones
7.419165;36.446705;Green zones
7.408452;36.449584;Green zones
7.412287;36.452405;Green zones
7.417189;36.449763;Green zones
7.439768;36.452585;Green zones
7.435628;36.503492;Green zones
7.38259;36.57452;Green zones
6.60424;36.3623;Green zones
6.62011;36.3687;Orange zones
6.60418;36.3637;Green zones
6.6127;36.3682;Green zones
6.62205;36.2833;Green zones
6.63689;36.3608;Green zones
6.59048;36.258;Green zones
6.70103;36.2586;Green zones
6.610523;36.363532;Red zones
6.629242;36.363532;Green zones
6.589807;36.257877;Green zones
6.641554;36.365298;Green zones
6.60795;36.362145;Green zones
6.50262;36.2677;Green zones
6.597724;36.417275;Green zones
6.635245;36.448723;Green zones
6.70095;36.25872;Green zones
6.691202;36.263987;Green zones
6.6211;36.2864;Green zones
6.6198;36.3024;Green zones
6.61776;36.3259;Green zones
6.619;36.3408;Orange zones
6.5911;36.33;Green zones
6.62011;36.3687;Green zones
6.60376;36.3522;Green zones
6.61355;36.3677;Green zones
6.6048;36.358;Green zones
6.60165;36.3458;Green zones
6.61431;36.352;Green zones
6.5847;36.3389;Green zones
6.61313;36.3649;Green zones
6.59368;36.3714;Green zones
6.62987;36.3519;Green zones
6.6426;36.3475;Green zones
6.65686;36.3394;Green zones
6.63374;36.3364;Green zones
6.62893;36.3763;Green zones
6.38026;36.3822;Green zones
6.64453;36.3649;Green zones
6.6397;36.3572;Green zones
6.63668;36.3648;Green zones
6.63612;36.3704;Green zones
6.63791;36.3861;Green zones
6.64803;36.3923;Green zones
6.6048;36.3614;Green zones
6.60601;36.3939;Green zones
6.50495;36.2683;Green zones
6.49702;36.2719;Green zones
6.49413;36.2638;Green zones
6.5859;36.2608;Green zones
6.6984;36.2673;Green zones
6.69221;36.2614;Green zones
6.69947;36.2575;Green zones
6.5774;36.2621;Green zones
6.64335;36.3698;Green zones
6.60997;36.3667;Green zones
6.59641;36.4247;Green zones
6.63389;36.4489;Green zones
6.71057;36.5328;Green zones
6.9431;36.2287;Green zones
6.63138;36.4732;Green zones
6.62982;36.3807;Green zones
6.7036;36.1756;Green zones
6.47242;36.38;Green zones
6.82934;36.319;Green zones
6.60821;36.3503;Green zones
6.69682;36.5329;Green zones
6.54717;36.306;Green zones
6.57423;36.3312;Green zones
6.6261;36.3142;Green zones
6.71394;36.252;Green zones
6.6094;36.2552;Green zones
6.62993;36.3583;Green zones
6.73584;36.258;Green zones
6.61895;36.1446;Green zones
6.59483;36.3552;Green zones
6.5962;36.4127;Green zones
6.60411;36.3402;Green zones
6.58335;36.154;Green zones
6.65182;36.356;Green zones
6.62079;36.3527;Green zones
6.60194;36.3629;Green zones
6.71044;36.2618;Green zones
6.71167;36.2487;Green zones
6.62404;36.3719;Green zones
6.61203;36.3184;Green zones
6.5488;36.5067;Green zones
6.47321;36.4254;Green zones
6.56869;36.2515;Orange zones
6.70752;36.2583;Green zones
6.69268;36.2693;Green zones
6.58625;36.2657;Green zones
6.63028;36.315;Green zones
6.57972;36.327;Green zones
6.58952;36.3358;Green zones
6.68176;36.3049;Green zones
6.5807;36.3633;Green zones
6.58898;36.3885;Green zones
6.61523;36.3954;Green zones
6.64249;36.4455;Green zones
6.62044;36.3555;Green zones
6.6445;36.3413;Green zones
6.56006;36.2954;Green zones
6.63347;36.3559;Green zones
6.64458;36.36;Green zones
6.62774;36.3183;Green zones
6.62325;36.3074;Green zones
6.58361;36.252;Green zones
6.59583;36.3396;Green zones
6.59236;36.3602;Orange zones
6.48444;36.2617;Green zones
6.61998;36.3084;Green zones
6.57938;36.2555;Green zones
6.57523;36.3842;Green zones
6.50339;36.2661;Green zones
6.83199;36.3156;Green zones
6.88146;36.3767;Green zones
6.95196;36.2877;Green zones
7.02263;36.2352;Green zones
6.56443;36.4141;Green zones
6.71841;36.2558;Green zones
6.70211;36.1815;Green zones
6.57894;36.1836;Green zones
6.61101;36.1415;Green zones
6.70454;36.3479;Green zones
6.80315;36.213;Green zones
6.69212;36.2559;Green zones
6.69861;36.2737;Green zones
6.60321;36.4275;Green zones
6.58355;36.4038;Green zones
6.6079;36.3445;Green zones
6.64491;36.3839;Green zones
6.63139;36.4418;Green zones
6.5904;36.3524;Green zones
6.70289;36.2573;Green zones
6.60193;36.259;Green zones
6.62677;36.3791;Green zones
6.60986;36.3979;Green zones
6.69755;36.2608;Green zones
6.68834;36.26;Green zones
6.65355;36.3443;Green zones
6.62861;36.3556;Green zones
6.63403;36.3791;Green zones
6.51553;36.53231;Green zones
6.60635;36.3603;Green zones
6.59267;36.353;Green zones
6.61326;36.3706;Green zones
6.67943;36.23139;Green zones
6.551;36.453;Green zones
6.66291;36.3743;Green zones
6.5746;36.2586;Green zones
6.94432;36.2332;Green zones
6.88014;36.2101;Green zones
6.58434;36.4199;Green zones
6.46805;36.4255;Green zones
6.58673;36.3466;Green zones
6.67685;36.2254;Green zones
6.69583;36.253;Green zones
6.70219;36.2665;Green zones
6.63627;36.4527;Green zones
6.66089;36.3298;Green zones
6.71382;36.5389;Green zones
6.57007;36.2392;Green zones
6.57823;36.2684;Green zones
6.5996;36.4259;Green zones
6.47736;36.3828;Green zones
6.59639;36.3592;Green zones
6.70388;36.5303;Green zones
6.71;36.2546;Green zones
6.61177;36.3825;Green zones
6.64204;36.4391;Green zones
6.48122;36.2643;Green zones
6.70754;36.1795;Green zones
6.68767;36.1722;Green zones
6.69309;36.2657;Green zones
6.5605;36.2409;Green zones
6.6258;36.3291;Green zones
6.6529;36.3411;Green zones
6.94134;36.2376;Green zones
6.58369;36.3651;Green zones
6.58342;36.4123;Green zones
6.64394;36.4121;Green zones
6.63969;36.3925;Green zones
6.67941;36.4063;Green zones
6.6082;36.3146;Green zones
6.60833;36.3626;Green zones
6.60144;36.3521;Green zones
6.6805;36.4374;Green zones
6.9463;36.17703;Green zones
6.9466;36.2296;Green zones
6.58867;36.2773;Green zones
6.6303;36.2572;Green zones
6.7481;36.2397;Green zones
6.656;36.3593;Green zones
6.5825;36.246;Green zones
6.61743;36.3471;Green zones
6.40545;36.2456;Green zones
6.65577;36.50219;Green zones
6.69464;36.2154;Green zones
6.568646;36.230434;Green zones
6.51834;36.2883;Green zones
6.6628;36.4394;Green zones
6.71036;36.2722;Green zones
6.72445;36.5405;Green zones
6.6507;36.3867;Green zones
6.64289;36.3261;Green zones
6.59058;36.264;Green zones
6.5717;36.3362;Green zones
6.63425;36.3679;Green zones
6.56021;36.2349;Orange zones
6.587915;36.238275;Orange zones
6.6892;36.2977;Green zones
6.738615;36.248752;Green zones
6.72033;36.24975;Green zones
6.72422;36.25954;Green zones
6.6405;36.4305;Green zones
6.62284;36.298;Green zones
6.58878;36.2494;Green zones
6.578678;36.231637;Green zones
6.58011;36.3313;Green zones
6.61598;36.314;Green zones
6.56763;36.26104;Green zones
6.57762;36.2718;Green zones
6.583545;36.261376;Green zones
6.55394;36.246608;Green zones
6.5609;36.2565;Green zones
6.56106;36.23422;Green zones
6.58831;36.28123;Green zones
6.5795;36.2593;Green zones
6.496135;36.268137;Green zones
6.627;36.4361;Green zones
6.5949;36.4264;Green zones
6.622563;36.374535;Green zones
6.71563;36.26825;Green zones
6.6397;36.3672;Green zones
6.646;36.3435;Green zones
6.7003;36.2705;Green zones
6.6479566;36.4435116;Green zones
6.6152;36.3995;Green zones
6.6101;36.3893;Green zones
6.6277;36.347;Green zones
6.641465;36.351925;Green zones
6.4785;36.2618;Green zones
6.57373;36.25068;Orange zones
6.705473;36.261622;Green zones
6.71407;36.27729;Green zones
6.558962;36.256806;Green zones
6.592019;36.340992;Green zones
6.541267;36.253557;Red zones
6.54674;36.23776;Green zones
6.53461;36.23833;Green zones
6.539;36.245;Green zones
6.64542;36.35691;Green zones
6.59822;36.31834;Green zones
6.62736;36.3031;Green zones
6.52757;36.24565;Green zones
6.75601;36.26222;Green zones
6.658335;36.314099;Green zones
6.71698;36.28329;Green zones
6.504162;36.260298;Green zones
6.502456;36.271891;Green zones
6.7245;36.2987;Green zones
6.7324;36.2872;Green zones
6.838792;36.315408;Green zones
6.619716;36.338218;Green zones
6.649825;36.351922;Green zones
6.626588;36.454029;Green zones
6.618208;36.228662;Green zones
6.945176;36.225949;Green zones
6.576191;36.314052;Green zones
6.48945;36.2665;Green zones
6.64041;36.36645;Green zones
6.660547;36.337798;Green zones
6.704737;36.252548;Green zones
6.649382;36.378838;Green zones
6.569472;36.242538;Green zones
6.919981;36.231443;Green zones
6.701097;36.293651;Green zones
6.626299;36.309836;Orange zones
6.95027;36.23356;Green zones
6.465289;36.376672;Green zones
6.589563;36.361467;Green zones
6.580677;36.369865;Orange zones
6.616176;36.403829;Green zones
6.59853;36.335904;Green zones
6.608241;36.136957;Green zones
6.659101;36.441403;Green zones
6.607563;36.354673;Orange zones
6.57052;36.23464;Green zones
6.565145;36.237703;Green zones
6.602093;36.43224;Green zones
6.438415;36.421388;Green zones
6.629692;36.299508;Green zones
6.619111;36.298491;Green zones
6.643828;36.388409;Green zones
6.915081;36.230349;Green zones
6.648874;36.338802;Green zones
6.59907;36.354525;Green zones
6.583492;36.342923;Green zones
6.601198;36.398033;Orange zones
6.736886;36.523917;Green zones
6.5978707;36.4169101;Green zones
6.59146;36.348594;Green zones
6.587528;36.426477;Green zones
6.66283;36.307266;Green zones
6.644033;36.433403;Green zones
6.646447;36.448847;Green zones
6.601503;36.423152;Green zones
6.935231;36.233916;Green zones
6.6026491;36.403824;Green zones
6.57721;36.42833;Green zones
6.692683;36.173422;Green zones
6.950378;36.227137;Green zones
6.68508;36.309241;Green zones
6.6288067;36.3414809;Green zones
6.573145;36.361469;Green zones
6.617726;36.391484;Green zones
6.570417;36.417136;Green zones
6.528882;36.405525;Green zones
6.947426928;36.23820231;Green zones
6.71411388;36.5138828;Green zones
6.49177;36.260019;Green zones
6.636506;36.61349;Green zones
6.685045;36.456164;Green zones
6.724687;36.487225;Green zones
6.573354;36.246352;Green zones
6.583332;36.273773;Red zones
6.593382;36.278564;Red zones
6.470082;36.272101;Green zones
6.913941;36.327909;Green zones
6.663261;36.451439;Green zones
6.57282;36.266742;Green zones
6.939222;36.231806;Green zones
6.590466;36.405822;Green zones
4.1618;35.2192;Green zones
4.18301;35.2112;Green zones
4.15596;35.1924;Green zones
4.7572;36.0582;Green zones
4.76469;36.0701;Green zones
4.77516;36.0813;Green zones
4.73605;36.0662;Green zones
4.76952;36.0647;Green zones
4.76058;36.0792;Green zones
4.74054;36.0566;Green zones
4.75339;36.0658;Green zones
4.74399;36.0839;Green zones
4.882;36.0297;Green zones
4.59048;36.1528;Green zones
5.02312;36.0816;Green zones
5.149;36.0894;Orange zones
5.03255;35.9455;Green zones
4.89061;35.8807;Orange zones
4.7392;35.9691;Red zones
5.04212;36.1537;Orange zones
4.7876;36.1486;Orange zones
4.62667;36.063;Green zones
4.37296;36.1216;Green zones
4.69036;35.9471;Green zones
4.8385;36.2731;Green zones
4.66552;36.2901;Orange zones
4.77967;36.2282;Green zones
4.66843;36.1327;Green zones
4.74962;36.0757;Green zones
4.82013;36.0431;Green zones
5.02827;36.1761;Green zones
4.16907;36.0525;Green zones
4.8789;35.9796;Green zones
4.75074;35.9262;Green zones
4.77575;36.0735;Green zones
5.03375;35.9519;Green zones
5.03149;35.9382;Green zones
4.76253;36.0617;Green zones
4.73886;36.0728;Green zones
4.7555;36.0846;Green zones
5.02769;36.1444;Green zones
4.79855;36.1458;Green zones
4.60094;36.2374;Green zones
4.45624;36.083;Green zones
4.90922;36.1019;Green zones
4.91252;35.8666;Green zones
5.0031;36.0372;Green zones
5.07939;36.0481;Green zones
4.66877;36.2768;Green zones
4.74799;35.9808;Green zones
4.89243;35.8982;Green zones
4.77403;36.0661;Green zones
4.78115;36.0784;Green zones
4.75889;36.0709;Green zones
4.33081;36.2302;Green zones
4.22129;36.1593;Green zones
4.72998;36.3677;Green zones
4.76822;36.0687;Green zones
4.7632;36.0757;Green zones
5.03219;35.9319;Green zones
4.89979;35.9019;Green zones
4.77222;36.0756;Green zones
4.78915;36.1937;Green zones
5.08144;36.1276;Green zones
4.66347;35.9224;Green zones
4.38287;36.2545;Green zones
4.39749;36.1963;Green zones
4.7189;36.3026;Green zones
4.78464;36.2896;Green zones
4.78665;36.0806;Green zones
4.93675;36.1055;Green zones
4.9678;36.2192;Green zones
4.6991;36.2667;Green zones
4.6592;36.256;Green zones
4.59308;35.8796;Green zones
4.23094;36.0273;Green zones
4.64288;36.1761;Green zones
4.80868;36.0694;Green zones
4.76685;36.083;Green zones
4.90194;36.1041;Green zones
4.75742;36.0762;Green zones
4.74519;36.0681;Green zones
4.88691;35.8979;Green zones
4.80258;35.9536;Green zones
4.9062;35.8708;Green zones
4.71171;35.9078;Green zones
4.7329;36.1347;Green zones
4.77085;36.085;Green zones
4.75966;36.0831;Green zones
4.78213;36.0839;Green zones
4.77985;36.0706;Green zones
4.75089;36.0709;Green zones
4.74529;36.0909;Green zones
5.02793;35.9429;Green zones
5.03502;35.9411;Green zones
4.62422;36.0697;Green zones
4.67133;36.1365;Green zones
4.9162;36.1035;Green zones
5.07657;36.131;Green zones
4.96579;35.9908;Green zones
4.21115;36.0753;Green zones
4.92183;35.8487;Green zones
4.80029;36.0607;Green zones
4.37823;36.1203;Green zones
4.29258;36.2451;Green zones
4.69458;36.0794;Green zones
4.47042;36.187;Green zones
4.75443;36.0727;Green zones
4.53045;36.06916;Green zones
4.3885;36.1732;Green zones
4.864813;36.084906;Green zones
4.7859;36.1012;Green zones
4.963509;36.060985;Green zones
4.74763;36.0512;Green zones
4.7081;36.0729;Orange zones
5.090889;36.087599;Green zones
4.78348;35.98535;Green zones
4.89338;35.9073;Green zones
4.75043;36.08161;Green zones
4.77889;36.0627;Green zones
4.7447;36.0782;Green zones
4.80124;36.048527;Orange zones
4.729372;36.013361;Green zones
4.7273;36.0938;Green zones
4.794439;36.064999;Green zones
4.769684;36.057873;Green zones
5.022426;35.933498;Green zones
5.024426;35.950491;Green zones
4.7564;36.0552;Green zones
4.769085;36.090058;Green zones
4.627551;36.075354;Green zones
4.774791;36.222585;Orange zones
4.740333;36.061275;Green zones
4.68228;36.077604;Green zones
4.743187;36.065572;Green zones
4.747706;36.085805;Green zones
5.022482;36.146553;Green zones
4.813456;36.032215;Green zones
4.67729;36.131318;Green zones
5.034721;35.957552;Green zones
4.754627;35.978623;Green zones
4.749122;35.976299;Green zones
4.36498;36.117987;Green zones
5.0192;35.9466;Green zones
5.082128;36.045168;Green zones
4.584749;36.094827;Green zones
4.364864;36.22135;Green zones
4.845021;36.056479;Green zones
4.537991;36.147701;Green zones
4.341574;36.23854;Green zones
5.027495;36.149715;Green zones
4.721212;36.09487;Green zones
4.7293;36.0875;Green zones
4.794739;36.100786;Green zones
4.7923;36.057;Green zones
7.81669;36.7921;Green zones
7.6921;36.7402;Green zones
7.867;36.8317;Green zones
7.7403;36.7538;Green zones
7.73999;36.761;Green zones
7.85952;36.833;Green zones
7.8788;36.829;Green zones
7.88977;36.8287;Green zones
7.72448;36.7217;Green zones
7.85557;36.7957;Green zones
7.7394;36.7496;Green zones
7.830788;36.844269;Green zones
6.26117;36.4442;Green zones
6.27089;36.4529;Green zones
6.2625;36.4509;Green zones
6.16907;36.1615;Green zones
5.94523;36.4102;Red zones
5.98697;36.1181;Green zones
6.34979;36.2493;Orange zones
6.03903;36.4588;Green zones
6.32661;36.5096;Green zones
6.35619;36.1176;Green zones
6.2871;36.2506;Green zones
5.8927;36.5283;Green zones
6.12353;36.5247;Green zones
6.1189;36.4259;Green zones
6.12837;36.3926;Green zones
6.02251;36.3011;Green zones
6.17289;36.4746;Green zones
5.89083;36.3927;Green zones
5.98484;36.5665;Green zones
6.1803;36.276;Green zones
6.38944;36.1807;Green zones
6.239;35.9938;Green zones
6.17544;36.1717;Green zones
6.06224;36.5367;Green zones
5.8828;36.5047;Green zones
6.18173;36.16299;Green zones
5.98022;36.1222;Green zones
6.16742;36.1678;Green zones
6.32368;36.3978;Green zones
5.99259;36.3902;Green zones
6.3345;36.5616;Green zones
5.95091;36.3188;Green zones
6.2536;36.44562;Green zones
6.32425;36.5163;Green zones
5.97532;36.1188;Green zones
6.35282;36.1127;Green zones
6.1635;36.1637;Green zones
6.37389;36.1132;Green zones
5.9483;36.4057;Green zones
5.9898;36.1228;Green zones
5.96718;36.1224;Green zones
6.29776;36.3595;Green zones
6.15445;36.13584;Green zones
5.82188;36.4368;Green zones
6.29382;36.2513;Green zones
6.28189;36.2516;Green zones
6.3158;36.2186;Green zones
6.1849;36.1665;Green zones
6.17455;36.1622;Green zones
6.16226;36.1591;Green zones
6.17465;36.1683;Green zones
6.34655;36.1114;Green zones
6.25408;36.4402;Green zones
6.26589;36.4385;Green zones
6.26703;36.4564;Green zones
5.93862;36.4121;Green zones
6.29143;36.5372;Green zones
6.25346;36.4529;Green zones
6.3303;36.5168;Green zones
5.98547;36.1211;Green zones
6.27032;36.323;Green zones
6.17913;36.4727;Green zones
6.21483;36.5625;Green zones
6.15163;36.1319;Green zones
6.17476;36.4684;Green zones
6.3162;36.5265;Green zones
6.12185;36.4305;Green zones
6.08152;36.1383;Green zones
6.42447;36.4949;Green zones
6.32455;36.5232;Green zones
6.26594;36.4523;Green zones
6.1658;36.1579;Green zones
6.23011;36.0097;Green zones
6.34973;36.1087;Green zones
5.94222;36.408;Green zones
5.98402;36.4187;Green zones
6.18129;36.1674;Green zones
6.34016;36.5113;Green zones
6.00111;36.4756;Green zones
6.12532;36.5506;Green zones
6.26936;36.5789;Green zones
6.3202;36.4267;Green zones
6.07922;36.5026;Green zones
6.04042;36.4106;Green zones
6.12415;36.434;Green zones
6.25806;36.4364;Green zones
6.25923;36.4551;Green zones
6.17866;36.174;Green zones
6.26621;36.4421;Green zones
6.2646;36.315;Green zones
6.08131;36.3401;Orange zones
6.16774;36.5598;Red zones
6.1695;36.4675;Green zones
5.95156;36.4109;Green zones
5.94401;36.4139;Green zones
5.92221;36.4108;Green zones
6.3617;36.121;Green zones
6.11908;36.4212;Green zones
5.94385;36.4053;Green zones
6.26068;36.5153;Green zones
6.0142;36.3039;Green zones
6.50503;36.19904;Green zones
5.99731;36.2825;Green zones
6.24023;36.5071;Green zones
5.93627;36.3703;Green zones
5.77262;36.5389;Green zones
5.94659;36.4285;Green zones
6.03294;36.5468;Red zones
6.39029;36.1061;Green zones
6.2505;36.1832;Green zones
6.12256;36.0543;Green zones
5.97036;36.1178;Green zones
5.91118;36.5257;Green zones
6.16409;36.1718;Green zones
6.20896;36.47;Green zones
6.244048;36.438701;Green zones
6.36936;36.123;Green zones
6.01694;36.4733;Green zones
6.19836;36.169802;Green zones
5.995265;36.114608;Green zones
6.3867;36.1014;Green zones
6.2471;36.4352;Red zones
5.99089;36.11058;Green zones
6.268105;36.42994;Green zones
6.159419;36.167434;Green zones
6.2844828;36.2554916;Green zones
5.973993;36.125474;Green zones
6.375848;36.123007;Green zones
6.157355;36.13974;Green zones
6.377148;36.294659;Green zones
5.905318;36.39846;Green zones
6.27374;36.433697;Orange zones
6.15834;36.17323;Green zones
6.175465;36.155574;Green zones
6.367284;36.128051;Green zones
5.976972;36.114239;Green zones
6.1573947;36.1618317;Green zones
5.976006;36.13997;Orange zones
6.042713;36.1267;Green zones
6.185607;36.15996;Green zones
6.241303;36.554034;Orange zones
6.314271;36.578857;Green zones
5.951326;36.416088;Green zones
5.9381;36.4153;Green zones
5.89431;36.39656;Green zones
6.266813;36.460867;Green zones
6.283358;36.553598;Green zones
6.391875;36.110511;Green zones
36.457758;6.031819;Green zones
6.260819;36.521552;Green zones
6.385043;36.106837;Green zones
6.062887;36.498222;Green zones
6.289944;36.239062;Green zones
6.048384;36.455233;Green zones
36.27976;6.172112;Green zones
6.12461;36.531327;Green zones
6.252684;36.430018;Green zones
6.396694;36.105475;Green zones
6.275259;36.460284;Green zones
6.27985;36.17323;Green zones
6.224732;36.558136;Green zones
6.22021;36.45478;Green zones
6.22582;36.45302;Green zones
1.33589;36.1662;Green zones
1.33765;36.167;Green zones
1.52042;36.27738;Green zones
1.53156;36.18785;Green zones
1.12643;36.0669;Green zones
1.12416;36.0685;Green zones
1.23402;36.2312;Green zones
0.9733;36.16268;Green zones
1.3395;36.1658;Green zones
1.51236;36.13658;Green zones
1.24538;36.3082;Green zones
1.33156;36.164;Green zones
1.31494;36.15619;Green zones
1.52903;36.18317;Green zones
1.39056;36.1971;Green zones
1.19669;36.0979;Green zones
1.129;36.0659;Green zones
1.25161;36.12947;Orange zones
1.26917;36.2078;Green zones
1.23306;36.2291;Green zones
1.30217;36.4639;Green zones
1.30719;36.5126;Green zones
1.3476;36.1586;Green zones
0.851583;36.2559;Green zones
1.14011;36.3203;Green zones
1.19428;36.4187;Green zones
1.23833;36.3357;Green zones
1.42783;36.3535;Green zones
1.11017;36.1102;Green zones
1.52253;36.27528;Green zones
1.39936;36.0638;Green zones
1.55194;36.11111;Green zones
0.970139;36.1628;Green zones
1.3855;36.1953;Green zones
1.52477;36.18032;Green zones
1.04486;36.2473;Green zones
1.56836;36.5299;Green zones
1.27864;36.0252;Green zones
1.33569;36.1499;Green zones
1.35008;36.1676;Green zones
1.25456;36.1946;Green zones
1.35036;36.1434;Green zones
1.36928;36.15897;Green zones
1.32869;36.1864;Green zones
1.3455;36.1658;Green zones
1.23428;36.0983;Green zones
1.10844;36.0781;Green zones
1.33761;36.1581;Green zones
1.49103;36.21142;Green zones
1.26081;36.2059;Green zones
1.48658;36.14642;Green zones
1.38375;36.2483;Green zones
1.38103;36.3558;Green zones
1.61528;36.444;Green zones
1.09943;36.4166;Green zones
0.917194;36.4027;Green zones
1.336;36.168;Green zones
1.12947;36.0573;Green zones
1.12417;36.0695;Green zones
1.33136;36.1592;Green zones
1.31769;36.1604;Green zones
1.34336;36.1486;Green zones
1.30536;36.1421;Green zones
1.26014;36.192;Green zones
1.29275;36.5073;Green zones
1.53485;36.18672;Orange zones
1.32639;36.1698;Green zones
1.32794;36.1458;Green zones
1.29594;36.1302;Green zones
1.31625;36.5143;Green zones
1.2551;36.5026;Green zones
1.25017;36.2951;Green zones
1.10996;36.0698;Green zones
0.97584;36.1581;Green zones
1.31944;36.205833;Green zones
1.18908;36.41845;Green zones
1.13663;36.3259;Green zones
1.14697;36.1426;Green zones
1.42359;36.2574;Orange zones
0.94746;36.2107;Green zones
1.31345;36.4226;Green zones
1.14522;36.3182;Green zones
1.595;36.0854;Green zones
1.58134;36.4813;Green zones
1.36671;35.9587;Green zones
0.82713;36.27894;Orange zones
1.30081;36.2759;Green zones
1.2747;36.17669;Green zones
1.0213;36.4663;Green zones
1.5025;36.5243;Green zones
1.09444;36.4914;Green zones
0.83669;36.3599;Green zones
1.30792;36.5082;Green zones
1.37469;36.0144;Green zones
1.4321;36.3667;Green zones
1.32364;36.16356;Green zones
1.30744;36.15911;Green zones
1.12275;36.0639;Green zones
1.34002;36.155;Green zones
0.97869;36.1616;Green zones
1.25389;36.1869;Green zones
1.26444;36.1994;Green zones
1.25131;36.1986;Green zones
1.35832;36.1377;Green zones
1.36589;36.1534;Green zones
1.19856;36.1028;Green zones
1.239;36.131;Red zones
1.33473;36.1616;Green zones
1.00909;36.3534;Green zones
1.29206;36.13725;Green zones
1.50522;36.11385;Green zones
1.52302;36.18426;Green zones
1.49161;36.1732;Green zones
1.24083;36.2323;Green zones
1.3046;36.5044;Green zones
1.28242;36.50519;Green zones
1.45851;36.1912;Green zones
1.00233;36.3569;Red zones
1.59283;36.20465;Green zones
1.27277;36.0253;Green zones
1.27402;36.2117;Green zones
1.22783;36.3591;Green zones
1.48803;35.9864;Green zones
1.40786;36.3705;Green zones
1.18122;36.5115;Green zones
1.20875;36.0862;Green zones
1.55134;36.15432;Green zones
1.42356;36.1397;Green zones
1.36967;36.1486;Green zones
1.13307;36.0514;Green zones
1.23698;36.4225;Green zones
1.64011;36.5403;Green zones
1.10744;36.1067;Green zones
1.55381;36.11431;Green zones
1.40415;36.18702;Green zones
1.25962;36.1974;Green zones
1.2488;36.1878;Green zones
1.30186;36.1391;Green zones
1.33173;36.1669;Green zones
1.342347;36.170109;Green zones
1.32645;36.1744;Green zones
1.32988;36.203;Green zones
1.31178;36.147;Green zones
1.35737;36.1632;Green zones
1.29195;36.1337;Green zones
0.92626;36.2581;Green zones
1.30312;36.4603;Green zones
1.19651;36.1075;Green zones
1.13897;36.4341;Green zones
1.22768;36.0943;Green zones
1.5336;36.527;Green zones
1.23722;36.2321;Red zones
1.54027;36.18893;Green zones
1.43201;36.1135;Green zones
1.2565;36.1838;Green zones
1.37284;36.353;Green zones
1.16941;36.0837;Green zones
0.87774;36.2252;Green zones
1.20346;36.0822;Green zones
1.39129;36.25164;Green zones
1.57359;36.5298;Green zones
1.32193;36.1401;Green zones
1.36208;36.1493;Green zones
1.2989;36.1437;Green zones
0.92479;36.2472;Green zones
1.31242;36.5153;Green zones
1.25583;36.2047;Green zones
1.24171;36.2749;Green zones
1.476462;36.216799;Green zones
1.2764;36.5034;Green zones
1.25852;36.2112;Green zones
1.559927;36.107492;Green zones
1.16606;36.16615;Green zones
1.19769;36.077453;Green zones
0.95496;36.22151;Red zones
1.34664;36.19748;Green zones
1.31572;36.1199;Green zones
0.758957;36.24822;Green zones
0.95626;36.2376;Green zones
1.19687;36.4226;Green zones
1.28138;36.4669;Green zones
0.923401;36.166023;Green zones
1.398052;36.194332;Green zones
1.307477;36.151527;Green zones
1.29597;36.4338;Green zones
1.097029;36.315025;Green zones
1.07459;36.0372;Green zones
1.28269;36.1268;Green zones
1.52843;36.2837;Green zones
1.364381;36.162976;Green zones
1.2415939;36.2296115;Orange zones
1.28242;36.2038;Green zones
1.26066;36.1729;Green zones
1.3954;36.0687;Green zones
1.51637;36.24197;Green zones
1.32575;36.15994444;Green zones
1.334981;36.133497;Green zones
1.217047;36.077539;Green zones
1.250576;36.209609;Green zones
1.244889;36.1771;Green zones
1.299865;36.132146;Green zones
1.35659;36.15467;Green zones
1.548403;36.172396;Green zones
1.3538;36.165;Green zones
1.2725;36.0395;Green zones
1.502658;36.276077;Green zones
1.2415;36.33924;Green zones
1.316829;36.507784;Green zones
1.269123;36.501882;Green zones
1.38114;36.1258;Green zones
1.39;36.09291;Green zones
1.36359;36.16697;Green zones
1.524569;36.388072;Green zones
1.3818;36.164743;Green zones
0.98283;36.13748;Green zones
1.283642;36.196791;Green zones
1.316322;36.164408;Green zones
1.326908;36.149191;Green zones
1.32182;36.15608;Green zones
1.307622;36.136163;Green zones
0.966186;36.158185;Green zones
0.994921;36.195436;Green zones
1.037482;36.196822;Green zones
1.186908;36.092577;Green zones
1.245509;36.234057;Green zones
1.428894;36.197907;Green zones
1.368449;36.21316;Green zones
1.265678;36.207677;Green zones
1.268309;36.213017;Green zones
1.23944;36.235663;Green zones
1.245971;36.225637;Green zones
1.33242;36.152338;Green zones
1.533369;36.182784;Green zones
1.253039;36.104419;Green zones
1.407716;36.062279;Green zones
1.29604;36.467256;Green zones
0.920299;36.247961;Green zones
1.337297;36.127621;Green zones
1.372621;36.154573;Green zones
1.285419;36.132946;Green zones
1.33212;36.140827;Green zones
1.316099;36.478161;Green zones
1.610482;36.210274;Green zones
0.967607;36.443957;Green zones
1.180377;36.161186;Green zones
1.411904;36.223627;Green zones
1.454603;36.207958;Green zones
1.282994;36.021274;Green zones
1.134308;36.056019;Green zones
0.825888;36.302444;Green zones
1.161354;36.069485;Green zones
1.114407;36.048361;Green zones
1.171839;36.328887;Green zones
0.93536;36.188935;Green zones
0.928423;36.262934;Green zones
0.848725;36.253272;Green zones
1.357076;36.165671;Green zones
1.452382;36.132243;Green zones
1.263958;36.121351;Green zones
1.182547;36.0796;Green zones
1.34523;36.154039;Green zones
1.23887;36.228414;Green zones
0.09214;35.9332;Green zones
0.089043;35.9296;Green zones
0.089233;35.9306;Green zones
0.09483;35.9283;Green zones
0.32208;36.11638;Green zones
0.09525;35.9464;Green zones
0.091;35.9323;Green zones
0.084077;35.9318;Orange zones
0.064489;35.915179;Green zones
0.0891667;35.9177;Orange zones
0.107641;35.9238;Green zones
0.0886944;35.9226;Green zones
0.08558;35.927;Green zones
0.0741667;35.8925;Green zones
0.0375556;35.8674;Green zones
-0.00136111;35.8314;Green zones
0.16822;35.8433;Orange zones
0.261417;35.7512;Green zones
0.412722;36.0968;Green zones
0.307889;35.9931;Green zones
0.402222;36.2018;Green zones
0.636083;36.2407;Green zones
0.0734167;35.8641;Green zones
0.167139;35.9809;Green zones
0.303417;35.9993;Green zones
0.339177;35.999;Green zones
0.132556;35.9513;Green zones
0.4418;36.1629;Green zones
0.186556;35.781;Green zones
0.323889;36.0942;Green zones
0.234194;35.8439;Green zones
0.27159;36.1289;Green zones
0.060413;35.863235;Orange zones
0.0541944;35.8031;Green zones
0.38175;35.8305;Green zones
0.0968889;35.9265;Green zones
0.0982778;35.9169;Green zones
0.0945556;35.9399;Green zones
0.113389;35.929194;Green zones
0.273472;36.105;Green zones
0.100417;35.9364;Green zones
0.106472;35.9274;Green zones
0.100833;35.963;Green zones
0.372417;35.9291;Green zones
0.336917;35.8602;Green zones
0.667139;36.3149;Green zones
0.075;35.921861;Green zones
0.101944;35.9317;Green zones
0.114861;35.9364;Green zones
0.292806;35.9969;Green zones
0.14794;35.8676;Green zones
0.10083;35.92354;Green zones
-0.102722;35.7829;Green zones
0.16862;35.8377;Green zones
0.424167;36.101028;Green zones
0.0793583;35.9057;Green zones
0.15043;35.9128;Green zones
0.32029;36.1139;Green zones
0.257861;35.8951;Green zones
0.125944;35.8335;Green zones
0.211167;35.8128;Green zones
0.544083;36.091;Green zones
0.58606;36.0108;Green zones
0.11825;35.7517;Green zones
0.268361;36.0283;Green zones
0.577361;36.2531;Green zones
0.14709;36.0475;Green zones
0.22947;36.1134;Green zones
0.73284;36.331;Green zones
0.0896389;35.9382;Green zones
0.06761;35.92039;Green zones
0.159444;35.9036;Green zones
0.54007;36.24155;Green zones
0.44051;36.1664;Green zones
0.252083;35.7518;Green zones
-0.01906;35.7527;Green zones
0.187;36.0076;Green zones
0.62575;36.1813;Green zones
0.09499;35.9559;Green zones
0.109111;35.9339;Green zones
0.12163;35.907;Orange zones
0.17242;35.8419;Green zones
0.175139;35.7888;Green zones
0.10764;35.9749;Green zones
0.0908333;35.9438;Green zones
0.30142;35.9956;Green zones
0.0973889;35.9337;Green zones
0.122052;35.8996;Green zones
0.06194;35.8459;Green zones
0.08287;35.9206;Green zones
0.61562;36.2621;Green zones
0.059445;35.918217;Green zones
0.4183;36.0987;Green zones
0.0668016;35.884;Green zones
0.101051;35.9675;Green zones
0.25801;35.7486;Green zones
0.06858;35.9094;Green zones
0.10853;35.9149;Green zones
0.112861;35.9212;Green zones
0.47222;36.08804;Green zones
0.375722;36.0983;Red zones
0.0313333;35.7705;Green zones
0.174361;35.9464;Green zones
0.280917;35.8217;Green zones
0.07119;35.8603;Green zones
0.190861;35.7799;Green zones
0.09911;35.911;Green zones
0.161889;35.9415;Orange zones
0.0460278;35.8027;Green zones
0.63101;36.2701;Green zones
0.16339;35.8383;Green zones
0.04801;35.8896;Green zones
0.10829;35.9778;Green zones
0.111389;35.975;Green zones
0.09636;35.9195;Green zones
-0.00684;35.8319;Green zones
0.34323;36.0003;Green zones
0.07498;35.8986;Green zones
0.29587;35.9945;Green zones
0.11679;35.9291;Green zones
0.43764;36.1656;Green zones
0.27297;35.8112;Orange zones
0.38196;35.9473;Green zones
0.05092;35.8922;Green zones
0.04578;35.8857;Green zones
0.07909;35.91774;Green zones
0.10976;35.9304;Green zones
0.57176;36.2531;Green zones
0.18099;35.7787;Green zones
0.28866;35.8272;Red zones
0.32551;36.0979;Green zones
0.31723;35.7959;Green zones
0.5164;36.21124;Green zones
0.33473;35.9285;Green zones
-0.0346667;35.7514;Green zones
0.49323;36.1504;Orange zones
0.69162;36.2819;Green zones
0.08133;35.9353;Green zones
-0.04526;35.7393;Orange zones
-0.07735;35.766;Green zones
0.215114;35.8624;Green zones
-0.0017567;35.8226;Green zones
0.1875;35.7251;Green zones
0.25756;35.9003;Green zones
0.17501;35.9253;Green zones
0.17445;35.95;Green zones
0.107451;35.968819;Green zones
0.25294;35.9578;Green zones
0.68679;36.2283;Green zones
0.0917;35.947;Green zones
0.127467;36.015536;Green zones
0.0995;35.9565;Green zones
0.110978;35.9536;Green zones
0.152166667;35.8061111;Green zones
-0.0036;35.79955;Green zones
0.289217;36.0866;Green zones
0.079415;35.811747;Green zones
0.058;35.7549444;Green zones
0.108646;35.860089;Green zones
0.1956;35.8523;Green zones
0.099651;35.8942;Green zones
0.065267;35.89624;Green zones
0.091276;35.9267;Green zones
0.417404;35.9345633;Green zones
0.378224;35.8446;Green zones
0.447602;35.8524;Green zones
0.39388;36.1427;Green zones
0.432926;36.1769;Green zones
0.17447;35.7501;Green zones
0.12136;35.97456;Green zones
0.114;35.95166;Green zones
0.508055;36.12286;Green zones
0.6782;36.32312;Green zones
0.2757;35.8677;Green zones
0.122;35.9425;Green zones
0.663703;36.2444;Green zones
0.0374;35.84042;Green zones
0.06298;35.91912;Green zones
0.106572;35.963607;Green zones
0.4049;36.098;Green zones
0.264801;36.108323;Green zones
0.0732;35.8565;Green zones
-0.066511;35.803124;Green zones
0.156707;35.840194;Green zones
-0.029292;35.737187;Green zones
0.0849;35.91621;Green zones
0.0408;35.8065;Green zones
0.06747;35.88044;Green zones
0.1568;35.9623;Green zones
0.3339;36.0009;Green zones
0.4283;36.0991;Green zones
0.2762;36.0262;Green zones
0.44127;36.15884;Green zones
0.06012;35.92194;Green zones
0.16694;35.9747;Green zones
0.30256;36.14816;Green zones
0.227943;35.732138;Green zones
0.088942;35.877614;Green zones
0.295189;35.91003;Green zones
0.223522;35.928653;Green zones
0.650972;36.275472;Green zones
-0.411694;35.5176;Green zones
-0.258139;35.7192;Green zones
-0.40517;35.5187;Green zones
-0.487533;35.7484;Green zones
-0.642833;35.7027;Green zones
-0.644194;35.7029;Green zones
-0.645694;35.700972;Green zones
-0.63509;35.7053;Green zones
-0.610528;35.7104;Green zones
-0.633472;35.7026;Green zones
-0.638056;35.7028;Green zones
-0.647764;35.6938;Green zones
-0.76971;35.7473;Green zones
-0.645139;35.7017;Green zones
-0.6395;35.7058;Green zones
-0.643417;35.6961;Green zones
-0.63059;35.6995;Green zones
-0.64194;35.7037;Green zones
-0.646917;35.6929;Green zones
-0.63859;35.6724;Green zones
-0.658056;35.6898;Green zones
-0.606667;35.6204;Green zones
-0.618028;35.7079;Green zones
-0.68007;35.6734;Green zones
-0.6625;35.6887;Green zones
-0.592751;35.726719;Green zones
-0.65507;35.6855;Green zones
-0.648087;35.7035;Green zones
-0.609;35.715;Green zones
-0.5784;35.7342;Green zones
-0.591599;35.726733;Green zones
-0.609;35.715;Green zones
-0.662694;35.714111;Green zones
-0.595255;35.630807;Green zones
-0.807604;35.767959;Green zones
-0.6031;35.6619;Green zones
-0.622081;35.71258;Green zones
-0.64375;35.69518;Green zones
-0.7558;35.7407;Green zones
-0.650013;35.693066;Green zones
-0.6411;35.6998;Green zones
-0.6552;35.7082;Green zones
-0.647748;35.702743;Green zones
-0.641028;35.668;Green zones
-0.62675;35.7048;Green zones
-0.64325;35.7049;Green zones
-0.65012;35.7021;Green zones
-0.64103;35.7013;Green zones
-0.642361;35.7088;Green zones
-0.703639;35.7186;Red zones
-0.639278;35.6983;Green zones
-0.645939;35.6948;Green zones
-0.650639;35.6979;Green zones
-0.645694;35.700972;Green zones
-0.74075;35.7345;Green zones
-0.784;35.7537;Green zones
-0.766399;35.7458;Green zones
-0.91775;35.6425;Green zones
-0.606667;35.6204;Green zones
-0.595;35.6732;Green zones
-0.647444;35.6859;Green zones
-0.598694;35.7113;Green zones
-0.599139;35.7003;Green zones
-0.615333;35.6883;Green zones
-0.669972;35.6454;Green zones
-0.580111;35.6116;Green zones
-0.676833;35.6771;Green zones
-0.577417;35.7048;Green zones
-0.601222;35.6819;Green zones
-0.655528;35.6913;Green zones
-0.661417;35.6669;Green zones
-0.618889;35.6984;Green zones
-0.612861;35.6504;Green zones
-0.61725;35.7122;Green zones
-0.586222;35.7292;Green zones
-0.65986;35.6797;Orange zones
-0.627757;35.656;Green zones
-0.630333;35.6522;Green zones
-0.6185;35.7054;Green zones
-0.639778;35.6819;Green zones
-0.629667;35.6969;Green zones
-0.562389;35.7462;Green zones
-0.538944;35.7235;Green zones
-0.897982;35.7029;Green zones
-0.433194;35.7849;Green zones
-0.380389;35.7935;Green zones
-0.297556;35.8122;Green zones
-0.26925;35.807083;Green zones
-0.260111;35.8038;Green zones
-0.237278;35.797917;Green zones
-0.176972;35.7903;Green zones
-0.809778;35.7015;Green zones
-0.846535;35.725877;Green zones
-0.317056;35.8489;Green zones
-0.326306;35.8627;Green zones
-0.335556;35.8483;Green zones
-0.657528;35.6869;Green zones
-0.497778;35.6935;Green zones
-0.472528;35.7047;Green zones
-0.46475;35.7268;Green zones
-0.414944;35.6819;Green zones
-0.522632;35.6581;Green zones
-0.45838;35.5535;Green zones
-0.491056;35.6947;Green zones
-0.6925;35.6616;Green zones
-0.730694;35.6221;Green zones
-0.81157;35.587;Green zones
-0.7802;35.7182;Green zones
-0.465417;35.7309;Green zones
-0.626389;35.7011;Green zones
-0.30546;35.80826;Green zones
-0.6336;35.662;Green zones
-0.57125;35.7311;Green zones
-0.649028;35.6761;Green zones
-0.66225;35.6862;Green zones
-0.57302;35.6985;Green zones
-0.58548;35.7024;Green zones
-0.62568;35.688;Green zones
-0.616306;35.6947;Green zones
-0.622389;35.6852;Green zones
-0.665889;35.6732;Green zones
-0.608111;35.7074;Green zones
-0.586528;35.7151;Green zones
-0.284833;35.8094;Green zones
-0.626361;35.6917;Green zones
-0.654167;35.6819;Green zones
-0.628389;35.6759;Green zones
-0.608556;35.6997;Green zones
-0.573444;35.6968;Green zones
-0.538917;35.7574;Green zones
-0.75222;35.7378;Green zones
-0.64825;35.6923;Green zones
-0.635083;35.6892;Green zones
-0.667139;35.6793;Green zones
-0.6537;35.6685;Green zones
-0.579694;35.7224;Green zones
-0.564917;35.7224;Green zones
-0.55773;35.75325;Green zones
-0.573443;35.627664;Green zones
-0.645444;35.6966;Green zones
-0.903401;35.578651;Green zones
-0.569806;35.6492;Green zones
-0.533278;35.5172;Green zones
-0.357889;35.8185;Green zones
-0.869444;35.6869;Green zones
-0.660139;35.6991;Green zones
-0.565667;35.7389;Green zones
-0.577528;35.7313;Green zones
-0.598028;35.694;Green zones
-0.604472;35.6857;Green zones
-0.5735;35.6414;Green zones
-0.623722;35.6476;Green zones
-0.628833;35.6704;Green zones
-0.684028;35.6652;Green zones
-0.660444;35.6906;Green zones
-0.767361;35.7392;Green zones
-0.638611;35.6754;Green zones
-0.536667;35.716;Green zones
-0.590767;35.7102;Green zones
-0.607111;35.7133;Green zones
-0.622694;35.7072;Green zones
-0.614639;35.7033;Green zones
-0.295767;35.8258;Green zones
-0.65425;35.6873;Green zones
-0.651;35.6469;Green zones
-0.602028;35.6517;Green zones
-0.575667;35.6724;Green zones
-0.615361;35.6825;Green zones
-0.640056;35.6924;Green zones
-0.658472;35.673;Green zones
-0.635444;35.6829;Green zones
-0.593167;35.7172;Green zones
-0.487203;35.8172;Green zones
-0.531333;35.7284;Orange zones
-0.374333;35.8017;Green zones
-0.310278;35.8575;Green zones
-0.532389;35.7101;Green zones
-0.824269;35.756793;Green zones
-0.638778;35.7046;Orange zones
-0.682796;35.67631;Green zones
-0.887667;35.7059;Green zones
-0.57426;35.63827;Orange zones
-0.642806;35.6979;Green zones
-0.809778;35.7015;Red zones
-0.344581;35.8049;Green zones
-0.66825;35.6409;Green zones
-0.580972;35.6262;Green zones
-0.75323;35.6257;Green zones
-0.974722;35.6462;Green zones
-0.517139;35.6265;Green zones
-0.442028;35.7124;Green zones
-0.6321;35.702;Green zones
-0.708139;35.7274;Green zones
-0.641333;35.686583;Green zones
-0.605306;35.6937;Green zones
-0.744;35.7387;Green zones
-0.6441;35.6719;Green zones
-0.624028;35.6966;Green zones
-0.604222;35.7111;Green zones
-0.601083;35.7067;Green zones
-0.6135;35.7079;Green zones
-0.63375;35.695;Green zones
-0.772611;35.7443;Green zones
-0.43004;35.7797;Green zones
-0.633;35.7056;Green zones
-0.3105;35.812;Green zones
-0.168;35.7941;Green zones
-0.34032;35.846;Green zones
-0.417722;35.692;Green zones
-0.502333;35.6921;Green zones
-0.520611;35.6621;Green zones
-0.621389;35.6349;Green zones
-0.620444;35.6919;Green zones
-0.628111;35.6845;Green zones
-0.620833;35.6783;Green zones
-0.64225;35.6638;Green zones
-0.687472;35.6674;Green zones
-0.70085;35.6605;Orange zones
-0.654167;35.6772;Green zones
-0.592083;35.7005;Green zones
-0.567694;35.7171;Green zones
-0.54533;35.7226;Green zones
-0.31425;35.8531;Green zones
-0.425055;35.7846;Green zones
-0.552861;35.7486;Green zones
-0.57344;35.7258;Green zones
-0.668417;35.6852;Green zones
-0.760889;35.7436;Green zones
-0.751806;35.7321;Green zones
-0.781806;35.7478;Green zones
-0.902306;35.5822;Green zones
-0.7213;35.6229;Green zones
-0.73975;35.612444;Green zones
-0.66179;35.6818;Orange zones
-0.559194;35.7333;Green zones
-0.636806;35.7001;Green zones
-0.64166;35.69;Green zones
-0.6258;35.708;Green zones
-0.671889;35.6348;Green zones
-0.59544;35.6982;Green zones
-1.00186;35.6711;Green zones
-0.356861;35.8212;Green zones
-0.285639;35.8133;Green zones
-0.331917;35.7854;Green zones
-0.6425;35.6951;Green zones
-0.620917;35.6542;Green zones
-0.571639;35.7203;Green zones
-0.522583;35.7024;Green zones
-0.45153;35.5501;Green zones
-0.411028;35.6808;Green zones
-0.673917;35.6855;Orange zones
-0.156722;35.7628;Green zones
-0.78903;35.7556;Green zones
-0.6698;35.6745;Green zones
-0.490944;35.5051;Green zones
-0.500583;35.5519;Green zones
-0.708092;35.7219;Orange zones
-0.536616;35.7268;Green zones
-0.25522;35.7892;Green zones
-0.332028;35.8927;Green zones
-0.798833;35.7683;Green zones
-0.637361;35.7054;Green zones
-0.619583;35.7022;Green zones
-0.592;35.6272;Green zones
-0.583667;35.6403;Green zones
-0.598091;35.637;Green zones
-0.57119;35.7361;Green zones
-0.558;35.691;Green zones
-0.5673;35.7472;Green zones
-0.665028;35.6355;Green zones
-0.536389;35.7205;Green zones
-0.59644;35.7028;Green zones
-0.652083;35.6731;Green zones
-0.653083;35.7019;Green zones
-0.616611;35.6471;Green zones
-0.583794;35.6507;Green zones
-0.4292;35.7823;Green zones
-0.34412;35.7295;Green zones
-0.64789;35.65046;Green zones
-0.623611;35.6425;Green zones
-0.561861;35.6479;Green zones
-0.311361;35.8617;Green zones
-0.565944;35.5574;Orange zones
-0.533966;35.741331;Green zones
-0.6103;35.6902;Green zones
-0.578319;35.726442;Green zones
-0.73659;35.7353;Green zones
-0.646833;35.6938;Green zones
-0.626694;35.6352;Green zones
-0.619417;35.6421;Green zones
-0.525194;35.6656;Green zones
-0.609;35.715;Green zones
-0.49315;35.6918;Green zones
-0.662417;35.693;Green zones
-0.541472;35.720308;Orange zones
-0.59585;35.6875;Green zones
-0.616583;35.6544;Green zones
-0.588389;35.7207;Green zones
-0.575158;35.6502;Green zones
-0.521778;35.6293;Green zones
-0.565722;35.7296;Green zones
-0.632694;35.6737;Green zones
-0.662806;35.6705;Green zones
-0.213806;35.7163;Green zones
-0.708056;35.6491;Green zones
-0.603435;35.6979;Green zones
-1.03627;35.6521;Green zones
-0.303944;35.8818;Green zones
-0.64424;35.7022;Green zones
-0.535;35.759722;Green zones
-0.90756;35.6151;Green zones
-0.174995;35.737448;Green zones
-0.57719;35.6445;Green zones
-0.66541;35.6323;Orange zones
-0.55645;35.6978;Green zones
-0.40595;35.6311;Green zones
-0.592139;35.7227;Green zones
-0.704389;35.5999;Green zones
-0.28437;35.7759;Green zones
-0.649583;35.6993;Green zones
-0.852083;35.5805;Green zones
-0.40675;35.5482;Green zones
-0.393556;35.8301;Green zones
-0.53025;35.4854;Green zones
-0.68032;35.6783;Green zones
-0.644;35.6678;Green zones
-0.61124;35.7127;Green zones
-0.58159;35.6183;Green zones
-0.56094;35.7286;Green zones
-0.63885;35.6956;Green zones
-0.612389;35.6928;Green zones
-0.377306;35.6706;Green zones
-0.755296;35.7333;Green zones
-0.64683;35.6816;Green zones
-0.540386;35.6804;Green zones
-0.58125;35.6375;Green zones
-0.595524;35.720973;Green zones
-0.6533;35.7046;Green zones
-0.563139;35.75;Green zones
-0.56653;35.7065;Green zones
-0.54913;35.7223;Green zones
-0.235194;35.7564;Green zones
-0.557313;35.7057;Green zones
-0.55881;35.7022;Green zones
-0.59641;35.7086;Green zones
-0.5385;35.745;Green zones
-0.483111;35.7394;Green zones
-0.636417;35.7021;Green zones
-0.571237;35.6453;Green zones
-0.554361;35.7451;Green zones
-0.431258;35.7762;Green zones
-0.6334;35.6983;Green zones
-0.55998;35.7429;Green zones
-0.672305;35.7054;Green zones
-0.570836;35.7408;Green zones
-0.66344;35.6384;Orange zones
-0.667031;35.637843;Orange zones
-0.39094;35.8272;Green zones
-0.3466;35.8182;Green zones
-0.716548;35.7214;Orange zones
-0.901683;35.5747;Green zones
-0.571875;35.6087;Green zones
-0.43573;35.78201;Green zones
-0.570043;35.670653;Green zones
-0.579402;35.7173;Green zones
-0.42337;35.7797;Green zones
-0.49889;35.7045;Green zones
-0.37889;35.7905;Green zones
-0.558743;35.684669;Green zones
-0.74648;35.7322;Green zones
-0.499041667;35.69064722;Green zones
-0.27245;35.8033;Green zones
-0.590545;35.7128;Green zones
-0.611417;35.7166;Green zones
-0.448472;35.5377;Orange zones
-0.48778;35.5622;Green zones
-0.595556;35.6447;Green zones
-0.56559;35.6983;Green zones
-0.590794;35.69063;Green zones
-0.652361;35.653944;Green zones
-0.543212;35.742544;Green zones
-0.548576;35.749331;Green zones
-0.53859;35.73747;Green zones
-0.550494;35.7545;Green zones
-0.365649;35.8329;Green zones
-0.551186;35.6366;Green zones
-0.418544;35.781778;Green zones
-0.4215;35.7939;Orange zones
-0.81961;35.7018;Green zones
-0.442944;35.5558;Green zones
-0.4172;35.5462;Green zones
-0.4352;35.5518;Green zones
-0.432223;35.5739;Green zones
-0.470709;35.728;Green zones
-0.52051;35.6979;Green zones
-0.445534;35.702;Orange zones
-0.528234;35.7045;Green zones
-0.45294;35.7161;Green zones
-0.662578;35.6898;Green zones
-0.609452;35.7038;Green zones
-0.7497;35.74;Green zones
-0.575278;35.628056;Green zones
-0.54492;35.7615;Green zones
-0.564406;35.734691;Green zones
-0.8895;35.671964;Green zones
0.583813;35.731185;Green zones
-0.774364;35.735938;Green zones
-0.398;35.763;Green zones
-0.708985;35.6406;Green zones
-0.615842;35.679013;Green zones
-0.614732;35.6438;Green zones
-0.685612;35.7119;Green zones
-0.3325;35.8205;Green zones
-0.567;35.6529;Green zones
-0.609664;35.682646;Green zones
-0.552428;35.707967;Green zones
-0.70356;35.66229;Red zones
-0.567593;35.694164;Green zones
-0.696376;35.638076;Green zones
-0.567099;35.71125;Green zones
-0.89755;35.573456;Green zones
-0.542;35.6865;Green zones
-0.752903;35.6212;Green zones
-0.3437;35.7834;Green zones
-0.193385;35.78963;Green zones
-0.42499;35.6956;Green zones
-0.26159;35.7673;Green zones
-0.4401;35.6067;Green zones
-0.600554;35.4854;Green zones
-0.627639;35.639217;Green zones
-0.874241;35.6824;Green zones
-0.543958;35.747078;Green zones
-0.45868;35.7341;Green zones
-0.7339;35.626;Green zones
-0.5235;35.728;Green zones
-0.8675;35.58616;Green zones
-0.564321;35.431453;Green zones
-0.725592;35.614172;Green zones
-0.555081;35.721834;Green zones
-0.535406;35.753823;Green zones
-0.774;35.7489;Green zones
-0.793167;35.7608;Green zones
-0.62041;35.681543;Green zones
-0.649093;35.669369;Green zones
-0.61448;35.71484;Green zones
-0.500682;35.708711;Orange zones
-0.645091;35.675669;Green zones
-0.53356;35.52305;Orange zones
-0.624398;35.665774;Green zones
-0.565505556;35.70115556;Green zones
-0.566858;35.646898;Green zones
-0.619658;35.686798;Green zones
-0.589849811;35.63815322;Green zones
-0.575274;35.550294;Green zones
-0.695588;35.66518;Red zones
-0.6109;35.61838;Green zones
-0.549425;35.728383;Green zones
-0.547482;35.728465;Green zones
-0.532788;35.748844;Green zones
-0.537359;35.750369;Green zones
-0.68784;35.6541;Green zones
-0.606158;35.716316;Green zones
-0.700175;35.629522;Green zones
-0.5707;35.6983;Green zones
-0.563672;35.694789;Green zones
-0.901465;35.587525;Green zones
-0.525144;35.656594;Green zones
-0.4484;35.6989;Orange zones
-0.315916;35.849216;Green zones
-0.378908;35.790495;Green zones
-0.3256;35.8588;Green zones
-0.2941;35.8747;Green zones
-0.578205;35.640325;Green zones
-0.572832;35.710614;Green zones
-0.581384;35.714247;Green zones
-0.6323;35.6679;Green zones
-0.6283635;35.6633728;Green zones
-0.592967;35.712219;Green zones
-0.531433;35.743705;Green zones
-0.5287;35.7485;Orange zones
-0.6296;35.6657;Green zones
-0.5794;35.6945;Green zones
-0.6561;35.6729;Green zones
-0.644775;35.68033;Green zones
-0.576044;35.702505;Green zones
-0.6001164;35.6855549;Green zones
-0.443;35.7075;Green zones
-0.5228;35.7066;Green zones
-0.601263;35.675542;Green zones
-0.561451;35.704537;Green zones
-0.583952;35.719362;Green zones
-0.687535;35.661919;Green zones
-0.449662;35.555346;Green zones
-0.588249;35.724646;Green zones
-0.452488;35.704547;Green zones
-0.603632;35.695901;Green zones
-0.65004;35.667083;Green zones
-0.6861;35.6581;Green zones
-0.657266;35.658067;Green zones
-0.423744;35.692067;Green zones
-0.705623;35.639055;Green zones
-0.688403;35.631751;Green zones
-0.6862;35.6247;Green zones
-0.77282;35.7397;Green zones
-0.407347;35.680011;Green zones
-0.693607;35.648158;Green zones
-0.700266;35.634448;Green zones
-0.54653;35.743213;Green zones
-0.555434;35.738218;Green zones
-0.588191;35.698883;Green zones
-0.542461;35.72575;Green zones
-0.5344;35.7074;Green zones
-0.5847;35.688;Green zones
-0.581697;35.622489;Green zones
-0.485;35.7046;Green zones
-0.469;35.7334;Green zones
-0.63716;35.670612;Green zones
-0.2769;35.8031;Green zones
-0.543217;35.757639;Green zones
-0.59555;35.631045;Green zones
-0.58297;35.64512;Green zones
-0.594039;35.696501;Green zones
-0.64137;35.70385;Green zones
-0.57087;35.74633;Green zones
-0.54823;35.75207;Green zones
-0.7823;35.7499;Green zones
-0.757342;35.739457;Green zones
-0.57561;35.73434;Green zones
-0.576069;35.720382;Green zones
-0.570756;35.725906;Green zones
-0.557175;35.726048;Green zones
-0.636935;35.659063;Green zones
-0.609947;35.685995;Green zones
-0.668291;35.699473;Green zones
-0.7016;35.65698;Green zones
-0.73422;35.720332;Green zones
-0.531588;35.712495;Green zones
-0.601272;35.691797;Green zones
-0.893742;35.705581;Green zones
-0.635436;35.705298;Green zones
-0.589131;35.727175;Green zones
-0.588829;35.723239;Green zones
-0.2617;35.7607;Green zones
-0.650366;35.686036;Green zones
-0.980298;35.685284;Green zones
-0.564279;35.726183;Green zones
-0.530005;35.725105;Green zones
-0.694503;35.634664;Green zones
-0.584741;35.722844;Green zones
-0.648091;35.695257;Green zones
-0.600484;35.710204;Green zones
-0.563856;35.750179;Green zones
-0.557925;35.729793;Green zones
-0.545277;35.7195;Green zones
-0.7419152;35.7325404;Green zones
-0.564717;35.712509;Green zones
-0.642744;35.68434;Green zones
-0.569202;35.738239;Green zones
-0.604584;35.7083794;Green zones
-0.63811;35.68755;Green zones
-0.351624;35.82204;Green zones
-0.73276;35.618496;Green zones
-0.658324;35.688662;Green zones
-0.644349;35.664345;Green zones
-0.574852;35.593529;Green zones
-0.543557;35.560336;Green zones
-0.539488;35.674487;Green zones
-0.362382;35.679791;Green zones
-0.534756;35.729265;Green zones
-0.710222;35.652913;Green zones
-0.68886;35.62366;Green zones
-0.725399;35.621305;Green zones
-0.31593;35.85792;Green zones
-0.45334;35.72064;Green zones
-0.42518;35.78909;Green zones
-0.49557;35.7001;Green zones
-0.36235;35.81873;Green zones
-0.44892;35.714373;Green zones
-0.42013;35.78542;Green zones
-0.5533;35.6934;Green zones
-0.5252;35.6617;Green zones
-0.2886;35.775;Green zones
-0.37807;35.80034;Green zones
-0.336245;35.783119;Green zones
-0.605165;35.490203;Green zones
-0.66555;35.6422;Green zones
-0.651588;35.690052;Green zones
-0.749217;35.734145;Green zones
-0.646693;35.64685;Green zones
-0.749278;35.734194;Green zones
-0.442264;35.549452;Green zones
-0.712897;35.729188;Green zones
-0.680065;35.663217;Green zones
-0.622651;35.638011;Green zones
-0.16106;35.79184;Green zones
-0.369;35.7997;Green zones
-0.5231;35.6998;Green zones
-0.38619;35.828573;Green zones
-0.389404;35.829809;Green zones
-0.543557;35.560336;Green zones
-0.54543;35.68251;Green zones
-0.555816;35.642299;Green zones
-0.28218;3576.868;Green zones
-0.4241;35.7762;Green zones
-0.36418;35.83071;Green zones
-0.340013;35.897378;Green zones
-0.57225;35.67446;Green zones
-0.51968;35.6553;Green zones
-0.5445;35.6574;Green zones
-0.24213;35.7568;Green zones
-0.1626;35.7634;Green zones
-0.533739;35.7184;Green zones
-0.534739;35.725664;Green zones
-0.668258;35.642726;Green zones
-0.684783;35.668823;Orange zones
-0.662642;35.630292;Orange zones
-0.514142;35.628927;Green zones
-0.4129;35.679287;Green zones
-0.80677;35.59144;Green zones
-0.413402;35.683722;Green zones
-0.519087;35.632369;Green zones
-0.590596;35.623997;Green zones
-0.579392;35.615385;Green zones
-0.40113;35.63746;Green zones
-0.8428;35.7302;Green zones
-0.326786;35.782119;Green zones
-0.52874;35.76767;Green zones
-0.2946;35.8065;Green zones
-0.3024;35.8032;Green zones
-0.85694835;35.71690845;Green zones
-0.37877;35.79057;Green zones
1.80319;35.6042;Green zones
1.81803;35.6067;Green zones
2.02694;35.8674;Green zones
1.96225;35.6692;Green zones
1.99475;35.6948;Green zones
1.55006;35.7466;Green zones
1.61961;35.8552;Green zones
1.81472;35.5973;Green zones
2.27481;35.8582;Green zones
1.56144;35.9335;Green zones
1.80858;35.6025;Green zones
1.80386;35.5976;Green zones
2.02578;35.8735;Green zones
1.82542;35.6829;Green zones
1.61633;35.8494;Green zones
2.1102;35.9515;Green zones
1.62152;35.88975;Green zones
1.62078;35.8133;Green zones
1.66131;35.5757;Green zones
1.67919;35.8639;Green zones
1.78706;35.5925;Green zones
1.54828;35.7509;Green zones
1.96064;35.6666;Green zones
1.81005;35.6089;Orange zones
1.8022;35.6075;Green zones
1.69718;35.7444;Green zones
1.68817;35.8121;Green zones
1.5536;35.6573;Green zones
1.47061;35.7004;Green zones
1.80632;35.6059;Green zones
2.02481;35.8657;Green zones
2.05362;35.8462;Green zones
2.16341;35.8308;Green zones
2.00873;35.8518;Orange zones
2.05538;35.8881;Green zones
1.77201;35.8121;Green zones
1.46542;35.9094;Green zones
2.26623;35.8659;Green zones
1.86579;35.6867;Green zones
1.81371;35.6054;Green zones
1.80126;35.6005;Green zones
1.54153;35.7455;Green zones
1.61839;35.88767;Green zones
1.6221;35.8484;Green zones
1.9999;35.6909;Green zones
1.9664;35.673;Orange zones
1.82337;35.5796;Green zones
1.84115;35.6115;Green zones
1.827053;35.592028;Green zones
2.01843;35.8814;Green zones
1.82039;35.5975;Green zones
1.820488;35.59117;Green zones
1.80565;35.6113;Green zones
1.79671;35.6048;Green zones
1.9617;35.8275;Green zones
1.840569;35.59764;Green zones
1.556104;35.724188;Green zones
1.609653;35.850311;Green zones
1.607156;35.8541;Green zones
1.83799;35.60552;Green zones
2.03858;35.871729;Green zones
1.797519;35.592466;Green zones
2.02305;35.896499;Green zones
1.624437;35.816449;Green zones
1.617823;35.84669;Green zones
1.825724;35.601222;Green zones
1.832023;35.6017601;Green zones
1.547415;35.735911;Green zones
-1.14033;35.2905;Green zones
-1.13933;35.2922;Green zones
-1.14204;35.3082;Red zones
-1.38226;35.3016;Green zones
-1.46906;35.2981;Green zones
-0.96881;35.3796;Green zones
-1.13882;35.305228;Green zones
-1.25569;35.2524;Green zones
-1.18472;35.3059;Green zones
-1.093;35.3877;Green zones
-1.051;35.455;Green zones
-1.01647;35.5242;Green zones
-1.13967;35.3031;Green zones
-1.1405;35.2951;Green zones
-1.13267;35.2972;Green zones
-1.13372;35.3069;Green zones
-1.37489;35.298;Green zones
-1.464599;35.303741;Green zones
-1.36644;35.3064;Green zones
-0.967472;35.38;Green zones
-1.39314;35.2628;Green zones
-1.23625;35.3679;Green zones
-1.50217;35.2318;Green zones
-1.05933;35.5902;Green zones
-1.10919;35.1935;Green zones
-1.13967;35.3139;Green zones
-1.10306;35.3323;Green zones
-1.12864;35.2906;Green zones
-1.14933;35.3061;Green zones
-1.398396;35.301478;Green zones
-1.17806;35.4196;Green zones
-1.20087;35.2045;Green zones
-1.02719;35.3058;Green zones
-0.875694;35.4022;Green zones
-1.13983;35.5823;Green zones
-0.963472;35.3757;Green zones
-0.978;35.3738;Green zones
-1.37969;35.3016;Green zones
-1.38557;35.2971;Green zones
-1.06214;35.1986;Green zones
-1.13975;35.2879;Green zones
-1.31547;35.2788;Green zones
-0.658056;35.41;Green zones
-1.13644;35.317;Green zones
-1.26958;35.3665;Green zones
-1.23653;35.44442;Green zones
-1.478386;35.294191;Green zones
-0.808917;35.3746;Green zones
-0.991056;35.1359;Green zones
-1.3786;35.2925;Green zones
-1.3952;35.2998;Green zones
-1.13214;35.3024;Green zones
-1.09346;35.3935;Green zones
-1.37833;35.2282;Green zones
-1.44761;35.2423;Green zones
-1.33067;35.3193;Green zones
-1.19472;35.4724;Green zones
-0.883611;35.4036;Green zones
-1.01393;35.5281;Green zones
-1.01552;35.5841;Green zones
-0.98409;35.2205;Green zones
-1.1218;35.54;Green zones
-0.89842;35.3531;Green zones
-0.88334;35.408;Green zones
-1.1422;35.29224;Green zones
-1.38647;35.2945;Green zones
-1.38775;35.2995;Green zones
-1.1069;35.3287;Green zones
-1.0991;35.3394;Green zones
-1.4659;35.298;Green zones
-1.1789;35.312;Green zones
-1.1466;35.3004;Green zones
-1.0566;35.4533;Green zones
-0.9737;35.3753;Green zones
-1.0994;35.3902;Green zones
-1.2485;35.2516;Green zones
-1.35546;35.307;Green zones
-1.217895;35.494465;Green zones
-0.98798;35.2724;Green zones
-1.40353;35.2227;Green zones
-1.14359;35.3113;Green zones
-1.0871;35.394148;Green zones
-1.131307;35.310739;Green zones
-1.138152;35.307969;Green zones
-1.124944;35.290694;Green zones
-1.35654;35.30247;Green zones
-1.12451;35.3076;Green zones
-1.15275;35.3026;Green zones
-0.963472;35.5473;Green zones
-1.18373;35.2491;Green zones
-1.22626;35.278;Green zones
-1.28808;35.2307;Green zones
-1.498032;35.274263;Green zones
-1.26139;35.2605;Green zones
-1.1245;35.3144;Green zones
-1.025007;35.527756;Green zones
-1.134205;35.289474;Green zones
-1.134205;35.38021;Green zones
-1.25152;35.35062;Green zones
-1.150859;35.308913;Green zones
-1.1002;35.3867;Green zones
-1.400319;35.290264;Green zones
-0.615121;35.475999;Green zones
-1.119634;35.294836;Red zones
-1.144062;35.298879;Green zones
-0.968419;35.383448;Green zones
-0.980141;35.434504;Green zones
-0.971166;35.378545;Green zones
-1.103889;35.385055;Green zones
-1.24755;35.24861;Green zones
-1.39332;35.286356;Green zones
-1.351608;35.303705;Green zones
-0.963953;35.382212;Green zones
-1.134622;35.293574;Green zones
-1.090601;35.396371;Green zones
-1.180771;35.300101;Green zones
-0.9937554;35.13688;Green zones
-0.984324;35.224463;Green zones
-1.072679;35.19953;Green zones
-1.310394;35.279812;Green zones
-1.0290724;35.3045268;Green zones
-1.182351;35.41569;Green zones
0.55756;35.7465;Green zones
0.754167;35.7186;Green zones
0.55612;35.7447;Green zones
0.55513;35.7422;Green zones
0.5527;35.7413;Green zones
0.55247;35.7337;Green zones
0.45582;35.73;Green zones
0.555861;35.7411;Green zones
0.563361;35.7284;Green zones
0.561861;35.7465;Green zones
0.8751;36.118;Green zones
0.915028;35.9602;Green zones
0.831833;35.93;Green zones
0.776333;35.9049;Green zones
0.676556;35.7938;Green zones
0.752639;35.7276;Green zones
0.459528;35.7323;Green zones
0.356639;35.7185;Green zones
0.838583;36.1422;Green zones
1.11039;35.8704;Green zones
0.5764;35.7105;Green zones
0.744861;36.1271;Green zones
0.902667;36.0495;Green zones
0.880917;36.1159;Green zones
0.679611;35.796;Green zones
1.11172;35.9545;Green zones
1.13481;35.7784;Green zones
0.497389;35.9246;Orange zones
0.868611;35.6517;Green zones
0.55589;35.7469;Green zones
0.5385;35.7319;Green zones
0.913056;35.9658;Green zones
0.503028;35.8404;Green zones
0.5499;35.7452;Green zones
0.56025;35.7354;Green zones
0.55325;35.7258;Green zones
0.876444;36.1291;Green zones
0.375722;35.659;Green zones
0.823833;35.9252;Green zones
0.549389;35.7407;Green zones
0.556917;35.7303;Green zones
0.719917;35.8956;Green zones
0.92496;35.9614;Green zones
0.64717;35.8301;Green zones
0.355639;35.7228;Green zones
0.52151;35.7179;Green zones
0.570556;35.7521;Green zones
0.951472;35.825;Green zones
0.815306;36.0889;Green zones
1.02253;36.0106;Green zones
0.88355;35.9445;Green zones
0.77795;35.6487;Green zones
0.810806;35.7721;Green zones
0.843028;36.1455;Green zones
0.906556;35.9571;Green zones
0.5095;35.9109;Green zones
0.34189;35.6764;Green zones
0.59304;35.5936;Green zones
0.79374;35.7983;Green zones
0.97557;35.8934;Green zones
0.66448;36.1085;Green zones
0.69044;36.0202;Green zones
0.546889;35.7339;Green zones
0.77823;35.9091;Green zones
1.10465;35.8684;Green zones
0.87844;36.036;Green zones
0.881722;36.1255;Green zones
0.83699;36.1467;Green zones
0.748806;36.1235;Green zones
1.25404;35.95586;Green zones
0.90472;35.953;Green zones
0.91949;35.9633;Green zones
0.5163;35.718;Green zones
0.82243;35.9296;Green zones
0.91722;36.031;Green zones
0.55541;35.7368;Green zones
0.6935;35.9721;Green zones
1.14656;35.6761;Green zones
0.45969;35.7285;Green zones
1.01806;35.7338;Green zones
0.68888;35.6992;Green zones
0.34919;35.7225;Green zones
0.75541;35.722;Green zones
0.86506;36.1219;Green zones
0.322639;35.7397;Green zones
0.35826;35.6374;Green zones
0.57542;35.705;Orange zones
0.54496;35.74;Green zones
0.56462;35.733;Green zones
0.68258;35.7969;Green zones
0.56385;35.7505;Green zones
0.90378;35.9614;Green zones
0.91921;35.9591;Green zones
0.56745;35.7443;Green zones
0.86439;35.6497;Green zones
0.87244;36.1221;Green zones
1.10656;35.8727;Green zones
0.56386;35.7192;Green zones
1.13037;35.7824;Orange zones
0.85634;36.11;Green zones
0.85081;36.1103;Green zones
0.7601;35.7212;Green zones
0.85497;36.033;Green zones
0.5654;35.755;Green zones
0.5595;35.7427;Green zones
0.8322;35.9255;Green zones
0.77281;35.9038;Green zones
0.91158;35.9604;Green zones
0.7842;36.1375;Green zones
0.89649;36.0426;Green zones
0.9794;35.8944;Green zones
1.11171;35.8647;Green zones
0.35183;35.7546;Orange zones
0.75232;36.0543;Green zones
0.85507;35.9909;Green zones
0.95418;35.973482;Green zones
0.611926;35.7996;Green zones
0.49201;35.7871;Orange zones
0.40721;35.7786;Orange zones
0.92733;35.9626;Green zones
0.541;35.7492;Green zones
0.54498;35.730757;Green zones
0.504377;35.706162;Green zones
0.52124;35.720169;Green zones
0.932401;35.95526;Green zones
0.861949;36.1354;Green zones
0.572176;35.7117;Green zones
0.533698;35.7284;Green zones
0.53215;35.7831;Green zones
0.565998;35.921229;Orange zones
1.1366;35.81236;Green zones
0.5753105;35.7541174;Green zones
0.536574;35.722266;Green zones
0.572289;35.699915;Green zones
0.901185;35.957249;Orange zones
0.543229;35.744188;Green zones
0.3734;35.718432;Green zones
1.1284;35.7289;Green zones
0.549263;35.737169;Green zones
0.7526;35.717337;Green zones
0.836392;35.921432;Green zones
1.001804;35.994882;Green zones
0.392004;35.626049;Green zones
0.839795;36.110795;Green zones
0.702348;35.801524;Green zones
0.74789;35.7306;Green zones
0.833634;36.150573;Green zones
1.103126;35.875892;Green zones
0.88439;36.13284;Green zones
0.765081;35.92115;Green zones
0.413388;35.790682;Green zones
0.69882;35.894415;Green zones
0.464533;35.734256;Green zones
0.461122;35.723781;Green zones
0.852231;35.931247;Green zones
0.865114;35.645358;Green zones
0.682939;35.792775;Green zones
0.341603;35.717619;Green zones
1.136425;35.775889;Green zones
1.101033;35.860744;Green zones
0.578458;35.7025;Green zones
0.5781;35.7086;Green zones
0.64827;35.886815;Green zones
0.585839;35.89419;Green zones
0.443128;35.942769;Green zones
3.2261;36.7065;Green zones
4.4742;36.4192;Green zones
3.0959;36.6559;Orange zones
2.949622;36.744826;Green zones
3.0797;36.7419;Green zones
6.56899;36.0394199;Green zones
7.392052;35.797293;Green zones
7.113587;35.867905;Green zones
7.10436;35.875;Green zones
7.1487;35.8753;Green zones
7.12055;35.8755;Green zones
7.37744;35.7993;Green zones
7.39651;35.796;Green zones
6.57359;36.03499;Orange zones
6.562022;36.043983;Orange zones
6.87123;35.968;Orange zones
6.6984;35.9251;Red zones
6.49672;35.8637;Orange zones
7.667;35.6311;Red zones
6.38961;35.8976;Orange zones
7.29752;35.6633;Orange zones
7.37062;35.9183;Green zones
7.2597;36.0856;Green zones
6.78538;36.1214;Green zones
7.18499;35.9352;Orange zones
6.74166;35.9379;Red zones
7.11358;35.8734;Green zones
7.09204;35.8765;Green zones
7.38809;35.7969;Green zones
6.56353;36.0367;Green zones
6.8733;35.9738;Red zones
7.54615;35.4627;Green zones
6.46976;36.0795;Orange zones
6.57347;36.0405;Green zones
6.8693;35.9718;Orange zones
6.57811;36.0323;Green zones
7.39316;35.7883;Green zones
6.63516;35.9071;Orange zones
6.8753;35.9698;Green zones
6.56745;36.03173;Green zones
7.12325;35.8707;Green zones
7.39588;35.8024;Green zones
7.38398;35.791;Green zones
6.29295;35.895;Green zones
6.56939;36.0431;Green zones
7.10963;35.871;Green zones
6.8708;35.9785;Orange zones
7.37896;35.7954;Green zones
7.38468;35.8011;Green zones
7.39286;35.8002;Green zones
6.39372;35.8938;Orange zones
6.70518;35.9238;Orange zones
6.69298;35.9246;Red zones
6.86698;35.9745;Green zones
6.87505;35.9669;Green zones
7.393;35.7915;Green zones
7.3884;35.7868;Green zones
7.09918;35.8793;Green zones
7.25887;36.0816;Green zones
7.1295;35.8705;Green zones
7.661;35.6294;Orange zones
6.935;35.6624;Green zones
7.40017;35.7939;Red zones
7.27109;35.8368;Green zones
6.66777;36.0336;Red zones
7.34933;35.5715;Green zones
6.93422;36.103;Red zones
6.572962;36.054339;Orange zones
7.67102;35.6283;Orange zones
7.00218;36.0365;Green zones
7.67399;35.7763;Green zones
7.52846;35.6718;Green zones
7.78067;35.6295;Green zones
7.53647;35.7865;Green zones
7.50927;35.7756;Green zones
6.95946;35.9349;Green zones
7.37507;35.9152;Green zones
7.1205;35.8685;Green zones
7.18759;35.9412;Green zones
7.39236;35.8048;Green zones
6.59808;36.0135;Green zones
7.37805;35.8034;Green zones
7.38975;35.7896;Green zones
7.04342;35.7859;Green zones
7.01331;35.7176;Green zones
7.10633;35.8676;Green zones
7.37879;35.7908;Green zones
6.38654;35.8949;Green zones
7.32035;35.8177;Green zones
6.69355;35.921;Green zones
6.57223;36.0478;Green zones
6.56967;36.0393;Green zones
6.55923;36.0355;Green zones
7.40164;35.7974;Red zones
7.13381;35.8728;Green zones
7.19345;36.0545;Green zones
7.66418;35.6242;Orange zones
7.37567;35.919;Green zones
6.73934;35.9348;Green zones
6.57154;36.0202;Green zones
6.87084;35.9828;Red zones
6.7006;35.9204;Green zones
6.57106;36.0278;Orange zones
7.39766;35.7998;Green zones
7.38669;35.8054;Green zones
7.37456;35.7928;Green zones
6.70348;35.9264;Green zones
7.26333;36.0816;Green zones
7.38569;35.7815;Green zones
6.56464;36.0517;Green zones
7.38235;35.796;Green zones
7.1126;35.8789;Green zones
7.1144;35.8635;Green zones
6.47036;36.0752;Green zones
6.55996;36.0409;Green zones
6.39335;35.8983;Green zones
6.38954;35.8919;Green zones
6.81533;36.0689;Green zones
6.5707;36.0014;Green zones
6.57067;36.0229;Green zones
6.6224;35.9254;Red zones
7.00642;35.9131;Green zones
6.84057;35.6569;Green zones
7.19817;36.0139;Green zones
6.47995;36.1149;Green zones
6.88419;36.1116;Green zones
6.5107;35.8394;Orange zones
7.09494;35.8814;Green zones
6.58064;36.044;Green zones
7.12923;35.8657;Green zones
6.4107;35.8955;Orange zones
7.09545;35.8684;Green zones
7.509;35.6636;Green zones
7.644;35.7631;Green zones
6.859242;35.970177;Red zones
6.71347;35.924;Red zones
7.12475;35.8801;Green zones
6.562005;36.02957;Red zones
6.581982;36.051917;Green zones
6.586203141;36.03900809;Green zones
6.525451802;35.95430584;Green zones
6.464545287;35.84496392;Green zones
6.705609;35.91766;Green zones
6.559766;36.017109;Red zones
7.370867;35.783923;Orange zones
7.37054;35.788818;Green zones
7.085834;35.871466;Green zones
7.141115;35.865884;Red zones
7.123918;35.860919;Green zones
6.819828;36.117448;Green zones
7.788066;35.666732;Green zones
7.37117;35.798974;Green zones
6.785494;36.127295;Green zones
7.09894444;35.8635;Green zones
6.54849;35.2274;Green zones
5.0648;34.4262;Green zones
5.72358;34.8526;Green zones
5.72904;34.8526;Green zones
5.72646;34.8519;Green zones
5.72321;34.8521;Orange zones
5.74041;34.8529;Orange zones
5.72976;34.7874;Green zones
5.38629;34.7356;Red zones
5.70034;34.8329;Orange zones
5.10387;34.6008;Red zones
5.06011;34.4234;Green zones
4.99711;34.3962;Green zones
5.90351;34.75158;Orange zones
5.58475;35.0588;Orange zones
5.90443;34.44;Green zones
6.50247;34.6877;Green zones
5.28475;34.70753;Red zones
5.40003;34.6362;Red zones
5.72674;34.8447;Green zones
5.718;34.8582;Green zones
5.71233;35.2152;Green zones
5.91334;34.7482;Green zones
5.73039;34.8549;Green zones
5.72237;34.831;Green zones
5.72605;34.8173;Red zones
5.36154;34.6965;Green zones
6.52313;34.5215;Green zones
5.84352;35.0654;Red zones
6.09082;34.6893;Orange zones
5.46599;34.7199;Red zones
5.72315;34.8638;Green zones
5.05782;34.4299;Orange zones
5.39302;34.7287;Orange zones
5.74995;34.85338;Green zones
5.73378;34.8504;Green zones
5.7186;34.8504;Green zones
5.59424;35.0362;Green zones
5.71648;34.8449;Green zones
5.74188;34.8594;Green zones
5.72462;34.857;Green zones
5.31931;34.7344;Green zones
5.99402;34.94;Green zones
5.72609;34.838;Green zones
5.06679;34.4325;Orange zones
5.10575;34.6042;Green zones
5.36144;34.7058;Orange zones
5.37523;34.7355;Green zones
5.46798;34.7167;Green zones
5.71192;34.8591;Red zones
5.75652;34.854;Green zones
5.75102;34.8578;Green zones
5.74744;34.842;Orange zones
5.74435;34.8572;Green zones
5.74491;34.8506;Orange zones
5.73323;34.8472;Green zones
5.73349;34.8414;Green zones
5.70622;34.8453;Green zones
5.72404;34.8481;Green zones
5.74602;34.8169;Green zones
5.43464;34.7218;Orange zones
5.70028;34.695;Green zones
5.79641;34.8521;Orange zones
5.59626;34.7913;Green zones
5.8798;34.4806;Green zones
5.72358;34.8526;Green zones
5.72904;34.8526;Green zones
5.70895;34.6541;Green zones
5.72646;34.8519;Green zones
5.72807;34.8485;Green zones
5.72169;34.8433;Green zones
5.70764;34.8407;Green zones
5.5158;34.6572;Green zones
5.38343;34.7204;Red zones
4.92591;34.839;Green zones
5.76899;34.9911;Green zones
5.55454;34.6658;Green zones
6.0457;34.5622;Green zones
6.2905;34.7214;Red zones
4.45537;34.1857;Red zones
4.99984;34.1657;Orange zones
5.38354;34.7292;Orange zones
5.74118;34.8647;Red zones
6.70988;34.8052;Green zones
5.43029;34.7244;Green zones
5.09581;34.7646;Green zones
5.74733;34.8627;Green zones
5.72988;34.8347;Orange zones
5.70358;34.8484;Green zones
5.39574;34.6402;Green zones
5.90813;34.75;Green zones
5.37789;34.73;Green zones
5.00546;34.3983;Green zones
4.9876;34.3959;Orange zones
5.05684;34.4206;Green zones
6.50703;34.6846;Green zones
5.07006;34.4384;Green zones
5.2935;34.7047;Red zones
5.32865;34.7289;Green zones
5.84374;35.0706;Green zones
5.72881;34.8292;Orange zones
5.737;34.8667;Orange zones
5.75687;35.0168;Green zones
5.86951;35.0919;Green zones
5.90188;34.8741;Green zones
5.71422;34.84;Orange zones
5.6928;34.8507;Green zones
4.67975;34.3914;Green zones
5.47797;34.6512;Green zones
5.71082;34.8509;Green zones
5.43516;34.7264;Orange zones
5.90868;34.7553;Green zones
5.69713;34.8216;Orange zones
5.37978;34.6014;Red zones
5.0048;34.3779;Red zones
4.97931;34.37988;Orange zones
4.91914;34.3412;Green zones
4.9204;34.3824;Green zones
4.38196;34.6012;Green zones
4.94688;34.3472;Orange zones
5.36131;34.7327;Green zones
5.04584;34.4258;Red zones
5.00318;34.4044;Orange zones
5.08553;34.61;Orange zones
5.56328;34.6693;Orange zones
5.70583;35.2129;Green zones
5.777329;34.848599;Red zones
5.3965;34.3777;Red zones
5.298;34.7316;Orange zones
5.7939;34.8335;Green zones
5.059917;34.445936;Red zones
5.697583;34.913984;Green zones
5.6945;34.8721;Orange zones
5.690183;34.844204;Green zones
5.401182;34.719213;Green zones
5.75826;34.838946;Green zones
5.725602;34.866721;Green zones
5.757826;34.860908;Green zones
4.99854;34.389653;Orange zones
5.715212;34.982023;Green zones
5.639207;35.145817;Green zones
6.49162;34.688577;Green zones
5.690777013;35.19594106;Green zones
5.61358059;35.12595634;Green zones
5.694582481;34.67571258;Green zones
5.795969;34.599036;Green zones
5.413559;34.642607;Green zones
5.715648;35.227114;Green zones
5.386386;34.739823;Orange zones
5.068989;34.423988;Green zones
5.109435;34.753349;Green zones
4.994674;34.404377;Orange zones
5.696929;34.845112;Green zones
5.787884;34.841884;Green zones
5.91169;34.760302;Green zones
5.913781;34.75294;Green zones
6.501728;34.677819;Green zones
7.76308;36.9217;Green zones
7.75555;36.8997;Green zones
7.75086;36.907;Green zones
7.75563;36.8988;Green zones
7.75558;36.8982;Green zones
7.7432;36.8998;Green zones
7.75821;36.8981;Green zones
7.7417;36.8545;Green zones
7.76089;36.8978;Green zones
7.7678;36.9079;Green zones
7.75775;36.9012;Green zones
7.7688;36.9127;Green zones
7.75847;36.9282;Green zones
7.76877;36.9043;Green zones
7.75198;36.921;Green zones
7.75114;36.9128;Green zones
7.75338;36.898;Green zones
7.75019;36.9041;Red zones
7.74449;36.9006;Green zones
7.75197;36.8843;Green zones
7.76117;36.9131;Green zones
7.75;36.8901;Green zones
7.72964;36.9021;Green zones
7.7662;36.9413;Green zones
7.75836;36.8987;Red zones
7.74946;36.8978;Green zones
7.76093;36.9173;Green zones
7.73891;36.8927;Green zones
7.76034;36.9063;Green zones
7.736304;36.897847;Green zones
7.75483;36.9104;Green zones
7.75563;36.8944;Green zones
7.7585;36.8816;Green zones
7.74838;36.8951;Green zones
7.7524;36.9009;Green zones
7.75658;36.9244;Green zones
7.75903;36.9052;Green zones
7.74613;36.9074;Green zones
7.73387;36.8927;Red zones
7.7645;36.9106;Green zones
7.75403;36.9053;Green zones
7.74443;36.8936;Green zones
7.73288;36.905;Green zones
7.72853;36.8967;Green zones
7.72781;36.8852;Green zones
7.7216;36.8903;Green zones
7.74896;36.8991;Green zones
7.7476;36.8881;Green zones
7.75086;36.907;Green zones
7.7432;36.8998;Green zones
7.7624;36.9009;Green zones
7.73178;36.9137;Green zones
7.7343;36.9021;Green zones
7.76273;36.9055;Green zones
7.718165;36.89372;Green zones
7.72867;36.9053;Orange zones
7.73708;36.908;Green zones
7.723477;36.902249;Green zones
7.752327;36.933932;Orange zones
7.764658;36.902956;Green zones
6.606757;36.363973;Green zones
6.6403;36.34815;Green zones
5.0349;35.65478;Green zones
4.78125;35.82046;Orange zones
4.72631;35.7621;Green zones
4.84417;35.83756;Green zones
4.6327;35.78588;Green zones
4.33538;35.36091;Green zones
4.23977;35.37873;Orange zones
5.08707;35.56398;Orange zones
4.64545;35.35045;Green zones
4.73532;35.33435;Green zones
4.78057;35.28608;Green zones
4.067185;35.8739;Green zones
4.97797;35.6553;Green zones
4.9883;35.6876;Orange zones
4.54301;35.713;Red zones
4.5372;35.7197;Green zones
4.53347;35.7048;Green zones
4.17827;35.2135;Orange zones
4.44051;35.8759;Green zones
4.42547;35.5931;Green zones
4.19389;35.2974;Orange zones
3.78566;35.8815;Red zones
4.17133;34.8446;Orange zones
3.88093;35.6751;Green zones
4.78226;35.808;Red zones
4.78455;35.6877;Orange zones
4.88604;35.6693;Red zones
4.3747;35.9241;Orange zones
5.09636;35.6169;Orange zones
5.14863;35.5347;Red zones
3.90504;35.3808;Red zones
5.02798;35.6599;Red zones
4.97853;35.5437;Red zones
4.18561;35.9892;Green zones
4.55484;35.0438;Red zones
3.68072;35.1409;Green zones
4.28993;35.2129;Orange zones
4.08938;35.1267;Green zones
4.1618;35.2192;Green zones
4.52977;35.7166;Orange zones
4.54343;35.7002;Green zones
4.54881;35.7163;Green zones
3.77478;35.8861;Green zones
3.88345;35.6662;Green zones
4.08778;34.9872;Orange zones
4.09469;34.6801;Orange zones
4.42328;34.8975;Green zones
4.3407;35.4145;Green zones
4.79116;35.3286;Orange zones
4.17281;35.2068;Green zones
4.53124;35.72554;Green zones
4.53372;35.7098;Green zones
4.54872;35.7108;Green zones
4.53611;35.6982;Green zones
5.0272;35.6532;Green zones
4.18075;35.2207;Orange zones
3.89619;35.6618;Orange zones
4.72465;35.7788;Green zones
4.37795;35.9289;Green zones
4.86504;35.6738;Red zones
4.95823;35.5384;Green zones
4.27653;35.2217;Red zones
4.16577;35.2034;Orange zones
4.56314;35.0406;Orange zones
3.77517;35.8807;Green zones
4.18301;35.2112;Green zones
4.11891;35.9495;Orange zones
4.28381;35.8268;Red zones
4.62231;35.6948;Green zones
3.69421;35.6414;Green zones
4.53905;35.7111;Green zones
4.77562;35.6889;Red zones
5.10468;35.6073;Red zones
3.88755;35.6732;Orange zones
3.76814;35.8902;Red zones
4.54322;35.7298;Green zones
4.15595;34.8525;Orange zones
4.54405;35.7055;Green zones
4.51732;35.7143;Orange zones
4.72811;35.6966;Orange zones
5.11187;35.6357;Red zones
4.51665;35.7263;Orange zones
3.90017;35.1708;Green zones
4.03595;35.6752;Green zones
4.17701;35.6312;Green zones
4.50982;35.6131;Green zones
5.01615;35.7289;Green zones
4.66835;35.5875;Green zones
4.28113;34.7386;Green zones
4.40619;34.7447;Green zones
4.38059;35.5177;Green zones
3.73608;34.8925;Green zones
4.40982;35.3228;Red zones
4.02364;35.4188;Green zones
4.52259;35.7084;Orange zones
3.76587;35.8811;Green zones
4.52331;35.7218;Orange zones
4.16147;35.2376;Green zones
4.1603;35.199;Green zones
4.07462;35.1486;Green zones
4.97998;35.64059;Red zones
4.40746;35.0975;Green zones
4.50748;35.0843;Green zones
4.73302;34.9195;Green zones
4.87244;34.8569;Green zones
4.56324;35.8201;Green zones
4.54519;35.8426;Green zones
4.8327;35.0774;Green zones
4.26859;35.1018;Green zones
5.03654;35.6491;Orange zones
4.943;35.6529;Green zones
4.12879;35.4632;Green zones
3.95931;35.5863;Green zones
4.17831;35.2248;Orange zones
3.78392;35.8927;Orange zones
4.87759;35.6705;Green zones
4.77781;35.6158;Orange zones
4.79704;35.8149;Green zones
4.25478;34.8678;Green zones
4.52599;35.71124;Green zones
4.47248;35.9973;Green zones
4.55934;35.6984;Red zones
4.19966;35.2254;Orange zones
4.39469;35.9365;Green zones
4.1875;35.9822;Orange zones
3.91324;35.3784;Green zones
4.17357;35.202;Green zones
4.0834;35.1309;Green zones
4.15596;35.1924;Green zones
3.69268;35.1458;Green zones
4.09066;35.1225;Green zones
3.76745;35.8848;Red zones
3.77152;35.8936;Orange zones
4.37467;35.9284;Green zones
4.55173;35.6953;Orange zones
4.53727;35.7337;Green zones
4.37984;35.9189;Orange zones
3.88731;35.6772;Orange zones
3.87632;35.6736;Red zones
4.17287;35.2987;Green zones
4.54079;35.726;Green zones
4.83342;35.8053;Green zones
4.49444;35.7326;Orange zones
3.99557;34.7928;Green zones
3.90731;34.8028;Green zones
4.16264;35.3171;Orange zones
5.02516;35.5546;Green zones
4.50734;35.7289;Red zones
4.16857;35.2494;Red zones
4.20641;35.221;Green zones
4.43104;34.8982;Green zones
4.56156;35.03566;Red zones
5.0364;35.6339;Orange zones
4.52628;35.6861;Red zones
5.073224;35.600293;Red zones
3.67647;35.1469;Orange zones
4.54496;35.73713;Orange zones
4.529955;35.741014;Red zones
4.565711;35.336603;Green zones
4.21442;35.2213;Green zones
4.170031;34.834267;Green zones
4.545156;35.722269;Green zones
5.1143;35.6113;Orange zones
4.7784;35.6955;Orange zones
4.37039;35.9351;Orange zones
4.26673;35.2873;Red zones
4.87636;35.677625;Orange zones
4.693414;35.785303;Green zones
5.170897;35.517986;Orange zones
4.6909;35.7801;Green zones
4.144312;35.240535;Orange zones
4.166781;35.198417;Green zones
4.173773;35.228555;Green zones
4.271524;35.372945;Green zones
4.21580556;35.9751389;Green zones
4.53825;35.6894167;Green zones
3.77341667;34.9404167;Green zones
3.775972;35.875;Red zones
3.85225;35.7368889;Green zones
4.74293;35.685164;Green zones
4.685996;36.067519;Green zones
5.00469;35.7702;Green zones
8.3167;36.7694;Green zones
8.43382;36.8888;Green zones
8.43775;36.8952;Green zones
8.44147;36.8858;Green zones
8.2012;36.7897;Green zones
8.38399;36.7889;Green zones
8.04577;36.7385;Green zones
7.90035;36.7616;Green zones
7.7447;36.6865;Green zones
7.84645;36.7006;Orange zones
7.97509;36.6734;Green zones
8.19556;36.5925;Green zones
8.10699;36.5003;Green zones
8.31326;36.7653;Orange zones
8.42892;36.8896;Green zones
8.56742;36.8784;Orange zones
8.64713;36.9145;Green zones
7.74914;36.6843;Green zones
8.23522;36.6644;Green zones
7.89544;36.7256;Green zones
7.90556;36.7695;Green zones
7.77514;36.6475;Green zones
8.61008;36.8223;Green zones
8.11534;36.7752;Green zones
8.44242;36.8954;Green zones
8.10656;36.6311;Green zones
8.53637;36.7886;Green zones
7.91036;36.7728;Green zones
7.84197;36.7044;Green zones
7.72331;36.6828;Green zones
8.17431;36.5242;Green zones
8.16276;36.4585;Green zones
8.19691;36.7846;Green zones
7.96742;36.7587;Green zones
8.37862;36.7833;Green zones
7.74917;36.6886;Green zones
8.07777;36.8451;Green zones
8.45211;36.8913;Green zones
7.7969;36.7315;Orange zones
8.6141;36.9027;Green zones
7.84621;36.708;Green zones
7.97995;36.6812;Green zones
7.80368;36.7351;Green zones
8.44455;36.8057;Green zones
8.28443;36.7185;Green zones
8.33364;36.7591;Green zones
8.30733;36.7673;Green zones
7.87259;36.7038;Green zones
7.74773;36.6797;Green zones
8.10579;36.5079;Green zones
8.56581;36.8814;Green zones
7.71922;36.6799;Orange zones
7.74306;36.6906;Green zones
7.78069;36.6478;Green zones
8.42805;36.8844;Green zones
8.44907;36.8946;Green zones
7.92595;36.8295;Green zones
8.33225;36.8036;Green zones
8.13379;36.793;Green zones
8.4893;36.7961;Green zones
8.23001;36.7871;Green zones
7.923041;36.720821;Orange zones
8.12558;36.8369;Green zones
8.322878;36.759883;Green zones
8.4206;36.82826;Green zones
8.4142;36.8862;Green zones
8.44759;36.8854;Green zones
7.907926;36.780186;Green zones
8.4578;36.8866;Green zones
8.637527;36.919222;Green zones
8.304952;36.763943;Green zones
8.439885;36.890291;Green zones
7.782419;36.73419;Green zones
7.823106;36.737075;Green zones
8.184435;36.830559;Green zones
8.283305;36.767314;Green zones
8.385034;36.774467;Green zones
7.829307;36.68256;Green zones
8.147442;36.772877;Green zones
7.739242;36.682101;Green zones
7.730008;36.684137;Green zones
7.14633;35.4333;Green zones
7.14144;35.4226;Orange zones
7.13642;35.4368;Green zones
7.14968;35.4263;Green zones
6.92631;35.494;Red zones
7.2125;35.3754;Green zones
7.00343;35.0387;Green zones
7.1062;35.1662;Green zones
7.35821;35.2893;Green zones
7.46;35.4431;Green zones
7.08193;35.4625;Green zones
6.74862;35.3222;Orange zones
6.80986;35.5105;Green zones
6.63829;35.4037;Green zones
7.14819;35.4158;Green zones
7.13718;35.4265;Green zones
7.12996;35.4465;Orange zones
7.14429;35.4398;Green zones
7.15604;35.4293;Green zones
7.13261;35.4184;Green zones
6.93236;35.4917;Green zones
6.99848;35.2527;Green zones
7.12445;35.5267;Green zones
6.91978;35.4977;Green zones
7.21482;35.3699;Green zones
7.35243;35.2971;Green zones
7.24487;35.5981;Orange zones
6.89855;35.5716;Green zones
6.92094;35.493;Green zones
7.15035;35.4315;Green zones
7.14155;35.4281;Green zones
6.91303;34.964;Green zones
7.13122;35.4109;Green zones
6.75276;35.5207;Green zones
6.91427;35.4971;Red zones
7.1421;35.4032;Green zones
7.14985;35.4104;Green zones
7.12509;35.4509;Red zones
7.12524;35.4398;Green zones
7.10331;35.4665;Red zones
7.15817;35.4266;Green zones
7.15394;35.4182;Green zones
7.14914;35.4361;Green zones
6.92411;35.4969;Green zones
6.92749;35.4888;Green zones
7.1516;35.4224;Green zones
6.65836;35.20604;Green zones
7.12766425;35.4004115;Green zones
7.1449;35.448;Green zones
7.01536965;35.04705349;Green zones
7.082542;35.443008;Green zones
7.1397;35.413162;Green zones
7.140893;35.453738;Green zones
7.222004;35.359618;Green zones
7.34955;35.3043;Green zones
7.124374;35.25406;Green zones
7.13438889;35.434583;Orange zones
7.12805;35.45564;Green zones
7.9463;36.2849;Green zones
7.835359;36.167251;Green zones
7.95702;36.2858;Green zones
7.9455;36.2773;Green zones
7.93117;36.291;Green zones
7.53211;36.1319;Green zones
7.8185;36.0778;Red zones
7.83414;36.3584;Green zones
7.9312;36.2068;Green zones
7.99224;36.1707;Green zones
8.1562;36.2023;Green zones
8.0401;36.1604;Green zones
8.0229;36.3526;Green zones
7.7838;36.2616;Green zones
7.6028;36.0309;Green zones
7.89496;36.3118;Green zones
7.88185;36.1237;Orange zones
7.93741;36.2712;Green zones
7.95681;36.2265;Green zones
7.9461;36.2852;Green zones
7.95156;36.2884;Green zones
7.93759;36.2789;Green zones
7.95888;36.2778;Green zones
7.98471;36.2884;Green zones
8.3311;36.2343;Red zones
7.53384;36.1257;Green zones
7.37381;36.1789;Green zones
7.77834;36.1868;Green zones
7.6721;36.124;Green zones
7.526861111;36.12052778;Green zones
7.9668;36.2884;Green zones
7.95113;36.2837;Orange zones
7.82859;36.0733;Red zones
7.82014;36.0818;Orange zones
7.60503;36.2273;Green zones
7.94684;36.2973;Green zones
8.04186;36.1686;Green zones
7.87062;36.3195;Green zones
8.15757;36.1964;Green zones
7.97761;36.2893;Green zones
7.98838;36.2846;Green zones
7.53082;36.13566;Green zones
7.8175;36.0727;Green zones
7.94665;36.2902;Green zones
7.9426;36.2735;Green zones
7.94147;36.2641;Green zones
8.11209;36.0225;Green zones
7.96101;36.271421;Red zones
7.82584;36.0679;Red zones
7.84785;36.3663;Green zones
7.946721;36.267259;Green zones
7.80057;36.1074;Orange zones
7.63975;36.2184;Green zones
7.75553;36.2344;Green zones
7.65592;36.2306;Green zones
7.76612;36.244;Green zones
7.72907;36.2092;Green zones
7.92821;36.30335;Green zones
7.94226;36.2903;Green zones
7.938386;36.29324;Green zones
7.938386;36.29324;Green zones
7.971686;36.293549;Green zones
7.526761;36.125345;Green zones
7.9571;36.2945;Green zones
1.336749;36.165354;Green zones
-1.729804;34.851575;Green zones
-1.860104;35.099252;Green zones
0.102639;35.9666;Green zones
0.099021;35.9654;Green zones
0.139043;35.396009;Green zones
-0.192606;35.531;Green zones
-0.4228;35.7828;Green zones
-1.150133;35.311171;Green zones
3.232138888;36.6377222;Green zones
3.303872;36.738152;Green zones
3.017;36.7605;Green zones
3.163874;36.730562;Green zones
3.172727;36.728415;Green zones
3.0259504;36.7583638;Green zones
3.19684;36.7122;Green zones
3.3035;36.7375;Green zones
3.081091;36.691879;Green zones
3.2181;36.7279;Green zones
3.055894;36.694296;Green zones
2.93192;36.7486;Green zones
3.131222;36.729889;Green zones
3.027693;36.74299;Green zones
3.027739;36.742949;Green zones
5.06505;34.4252;Green zones
5.43533;34.7264;Green zones
6.635587;36.357565;Green zones
5.582014;32.07445;Green zones
-0.2769;35.5311;Green zones
-0.487098;35.698982;Green zones
-0.464106;35.554523;Green zones
-0.600259;35.697809;Green zones
-0.600259;35.697809;Green zones
-0.491232;35.702104;Green zones
-0.648927;36.677267;Green zones
-0.61438;36.697399;Green zones
0.568962;35.9324;Green zones
3.27861;32.9527;Green zones
2.85747;33.8011;Green zones
2.88224;33.8049;Green zones
2.88188;33.7649;Green zones
3.20047;33.2702;Green zones
2.09804;34.1141;Green zones
2.52278;33.8806;Green zones
2.9419;33.762;Orange zones
3.2793;32.9602;Green zones
3.02054;34.138;Green zones
2.86574;33.7912;Green zones
2.87826;33.8039;Green zones
2.866;33.8141;Green zones
3.14539;33.7871;Green zones
2.30845;33.8001;Green zones
1.953;34.2948;Green zones
2.87925;33.8169;Green zones
3.26663;32.9318;Green zones
2.10525;34.1155;Green zones
2.868;33.7986;Green zones
2.85789;33.817;Green zones
2.87932;33.7967;Green zones
3.54656;33.4171;Green zones
2.79047;33.7392;Green zones
2.17725;34.4764;Orange zones
2.09194;34.1097;Green zones
1.54319;34.1536;Green zones
2.84992;33.7894;Green zones
2.85987;33.8108;Green zones
2.29022;34.1763;Green zones
2.8913;33.7561;Green zones
2.09194;34.1177;Green zones
2.5752;34.2059;Green zones
2.3296;34.2059;Green zones
2.06287;34.131;Green zones
1.83261;34.4683;Green zones
2.61849;33.948;Green zones
2.85716;33.7924;Green zones
3.00838;33.756;Orange zones
2.87207;33.8171;Green zones
2.86185;33.8152;Green zones
2.11677;34.1209;Green zones
2.09702;34.1051;Green zones
2.86918;33.7955;Green zones
2.8482;33.8005;Green zones
2.8736;33.8115;Green zones
2.10423;34.1089;Green zones
2.22874;34.1804;Green zones
3.131667;33.787669;Green zones
2.88465;33.8025;Green zones
2.8833;33.8118;Green zones
2.86125;33.7973;Green zones
2.84837;33.8032;Green zones
2.85471;33.7851;Green zones
2.07068;34.439;Green zones
2.07692;34.10864;Green zones
2.847843;33.779011;Green zones
2.853051;33.864479;Green zones
2.901131;33.821792;Green zones
2.842582;33.792659;Green zones
2.853649;33.804208;Red zones
2.844235;33.804494;Green zones
2.847552;33.811888;Green zones
2.84388;33.781933;Green zones
2.106835;34.103693;Green zones
2.109918;34.118787;Green zones
2.070832;34.106656;Green zones
2.850288;33.797521;Green zones
2.834486;33.779071;Green zones
2.101672;34.114246;Green zones
5.77157;19.589754;Red zones
5.76769;19.57789;Red zones
5.790455;19.483573;Green zones
3.70604;19.790317;Green zones
3.291039;19.830549;Green zones
5.433293;22.678194;Green zones
1.926596652;27.07056068;Green zones
1.926842405;27.09098378;Green zones
2.3710182;27.19778866;Green zones
2.48237339;27.17093665;Green zones
5.447419;22.81655;Green zones
5.5202;22.7967;Orange zones
5.53194;22.7761;Orange zones
5.54094;22.8018;Orange zones
2.48033;27.1952;Green zones
5.51994;22.7825;Red zones
5.54022;22.7894;Green zones
5.76749;19.5718;Red zones
2.96497;19.9566;Orange zones
5.533611111;22.79055278;Green zones
5.5127;22.8044;Green zones
5.5469;22.779;Red zones
2.509568;27.253649;Green zones
2.90508;35.4493;Green zones
3.03515;35.0689;Green zones
3.25109;34.6689;Green zones
3.2531;34.685;Green zones
3.27256;34.6594;Green zones
3.12664;34.8156;Green zones
3.00396;35.2356;Green zones
3.11541;34.2629;Green zones
3.5059;34.153;Red zones
3.22764;35.6351;Orange zones
3.36074;35.35;Red zones
3.7783;34.5319;Green zones
3.49031;34.8968;Orange zones
2.20912;35.4369;Green zones
3.25245;34.6775;Orange zones
3.00816;35.485;Green zones
2.80336;34.6151;Green zones
3.56751;35.4287;Green zones
3.27342;34.6722;Green zones
3.22506;34.711;Green zones
3.248;34.6522;Orange zones
3.26035;34.663;Green zones
3.23213;34.6678;Green zones
2.86025;34.8495;Green zones
3.495472;34.152472;Green zones
3.2261;34.365;Green zones
3.59194;34.1801;Green zones
3.2193;33.9508;Green zones
3.24411;34.6783;Green zones
3.24933;34.6604;Green zones
2.89733;35.4542;Green zones
3.02772;35.0748;Green zones
3.26092;34.6832;Green zones
2.91456;35.4364;Orange zones
3.03289;35.0744;Green zones
3.26637;34.6643;Green zones
2.51894;35.4444;Green zones
3.14846;35.2438;Green zones
2.61189;34.6415;Green zones
2.69628;34.373;Green zones
3.75842;34.7173;Green zones
3.24946;34.2045;Green zones
3.46796;34.5089;Green zones
3.24723;34.6702;Green zones
3.23744;34.6729;Green zones
3.25611;34.6708;Green zones
3.25039;34.6647;Green zones
3.25202;34.6301;Green zones
3.27178;34.6486;Green zones
3.22592;35.6403;Green zones
3.22179;35.6303;Green zones
2.87856;35.4466;Orange zones
2.90757;35.4551;Green zones
3.02772;35.0686;Green zones
3.49973;34.17155;Orange zones
2.79118;34.4694;Green zones
2.59635;35.2878;Green zones
3.32804;34.429;Green zones
3.37984;35.6803;Green zones
3.024;35.072;Green zones
3.25024;34.673;Green zones
3.23683;34.6811;Green zones
3.24256;34.6679;Green zones
3.24989;34.6837;Green zones
3.27245;34.6632;Green zones
2.90277;35.4594;Orange zones
2.9136;35.4507;Orange zones
2.89567;35.44901;Orange zones
3.2952;34.6837;Green zones
3.49087;34.7604;Green zones
3.01606;35.1313;Red zones
2.96919;35.315;Green zones
3.28768;34.2726;Green zones
2.68453;35.2017;Green zones
3.2421;34.6638;Green zones
3.27984;34.6631;Green zones
3.22701;35.6316;Green zones
2.88788;35.4488;Green zones
2.9008;35.451;Orange zones
2.90178;35.446;Orange zones
3.02527;35.0772;Green zones
3.48891;34.159;Green zones
3.03944;35.0677;Green zones
3.26986;34.69122;Green zones
2.9885;34.2849;Green zones
2.89849;35.4426;Green zones
3.49111;34.151;Green zones
3.54936;34.1644;Green zones
2.5335;34.4484;Green zones
2.8967;35.4375;Orange zones
2.8908;35.4614;Green zones
3.03345;35.081;Orange zones
3.22779;34.6639;Green zones
3.28969;34.6518;Green zones
3.2442;34.6088;Green zones
3.40965;34.718;Green zones
3.19347;34.6367;Green zones
3.02831;35.0841;Green zones
3.26793;34.6859;Orange zones
3.24281;34.6724;Green zones
3.48979;34.902094;Green zones
3.22813;34.676478;Red zones
3.25818;34.69094;Orange zones
3.286001;34.65848;Green zones
3.268906;34.680222;Red zones
3.042392;35.064828;Orange zones
3.2632;34.6561;Green zones
3.2548;34.6658;Green zones
3.240114;34.640419;Green zones
3.2794;34.6724;Green zones
2.5346;34.4552;Green zones
2.8887;35.4549;Orange zones
3.2243;34.6593;Green zones
3.2789;34.6812;Green zones
3.0203;35.0816;Green zones
3.3384;34.6978;Orange zones
3.4966;34.888;Orange zones
3.3679;35.3577;Green zones
3.2166;35.6251;Green zones
3.1249;34.8024;Green zones
3.0515;34.1773;Green zones
3.5838;35.4291;Orange zones
2.223;35.4335;Green zones
3.264514;34.67804;Green zones
3.140154;34.373838;Green zones
3.2381939;34.612149;Green zones
2.914604;35.455031;Orange zones
3.262904;34.666724;Green zones
3.036618;35.078333;Green zones
3.358848;35.358741;Green zones
3.368471;35.349589;Orange zones
3.249866;34.679938;Green zones
2.897673;35.462682;Green zones
3.227082;35.625782;Green zones
3.253452;34.641218;Green zones
3.280299;34.649457;Orange zones
3.282908;34.6517;Green zones
3.278937;34.6519;Green zones
3.2859;34.654;Green zones
3.247372;34.662173;Green zones
3.289;34.6651;Green zones
9.4862;24.5538;Green zones
7.275309;25.593687;Green zones
6.725352;28.360047;Green zones
7.8032;25.3326;Green zones
8.30724;24.82638;Green zones
8.432113;25.37357;Green zones
9.6703;24.3618;Green zones
9.46519;24.2897;Green zones
9.4956;24.484;Green zones
9.4848;24.552;Green zones
8.48087;26.5144;Orange zones
8.62201;26.7192;Green zones
9.5773;28.0497;Green zones
9.63667;28.0531;Green zones
8.4779;26.5013;Green zones
8.4824;26.509;Green zones
9.57913;28.03941;Green zones
9.548399;28.042999;Red zones
9.470508;24.571279;Green zones
9.492005;24.431418;Green zones
9.514957;24.477109;Green zones
9.516569;24.467441;Green zones
6.8199;35.7108;Green zones
6.17192;35.5489;Green zones
6.17065;35.546;Green zones
6.17483;35.5545;Green zones
5.85138;35.6721;Green zones
6.17826;35.561;Green zones
6.17987;35.549;Green zones
6.16814;35.5475;Green zones
6.16204;35.532;Green zones
6.17543;35.5368;Green zones
6.19671;35.5438;Green zones
6.15169;35.5551;Green zones
6.16416;35.5545;Green zones
6.1562;35.5405;Green zones
6.46635;35.4932;Green zones
6.30625;35.759;Green zones
5.36748;35.3848;Green zones
5.88428;35.3719;Red zones
5.61454;35.5522;Green zones
6.26096;35.4784;Orange zones
5.89665;35.6307;Green zones
6.34634;35.259;Green zones
5.63716;35.2559;Green zones
6.02504;35.4697;Green zones
6.41238;35.7753;Green zones
6.26797;35.6312;Green zones
6.64746;35.6637;Green zones
6.36846;35.6261;Green zones
5.9985;35.6434;Green zones
5.65185;35.676;Orange zones
5.79773;35.6589;Red zones
6.4103;35.4388;Green zones
5.9947;35.8634;Green zones
5.88205;35.8261;Green zones
5.18383;35.4839;Green zones
5.57888;35.3636;Green zones
5.58385;35.73684;Green zones
5.8992;35.3779;Green zones
5.3713;35.3986;Green zones
5.45946;35.6555;Green zones
6.18517;35.546;Green zones
6.19054;35.5352;Green zones
6.1686;35.5376;Green zones
5.82259;35.3142;Green zones
6.17438;35.5436;Green zones
6.14785;35.5467;Green zones
5.91536;35.6322;Green zones
5.63491;35.5538;Green zones
5.3797;35.3924;Green zones
5.89896;35.369;Green zones
6.19664;35.5268;Green zones
6.35609;35.2494;Green zones
5.9105;35.6344;Green zones
6.12746;35.2478;Green zones
6.18409;35.694;Green zones
6.31513;35.1405;Green zones
6.66269;35.7317;Green zones
6.17187;35.5545;Green zones
6.1722;35.5312;Green zones
6.15435;35.5502;Green zones
5.37046;35.393;Green zones
6.16199;35.5632;Red zones
6.18555;35.5641;Green zones
6.16527;35.5428;Green zones
5.90411;35.3774;Green zones
5.91184;35.6286;Green zones
5.60897;35.549;Green zones
5.37411;35.3818;Green zones
5.17612;35.1312;Green zones
6.18377;35.5564;Green zones
6.16114;35.5366;Green zones
5.36011;35.3964;Green zones
5.38442;35.3963;Green zones
6.25772;35.4847;Green zones
6.62519;35.4847;Green zones
6.12839;35.8082;Green zones
6.49961;35.3128;Green zones
5.37333;35.3102;Green zones
5.77025;35.6001;Green zones
6.19839;35.2559;Green zones
5.99981;35.181;Green zones
5.97076;35.1448;Green zones
5.56773;35.4369;Green zones
5.26484;35.5096;Green zones
6.14425;35.5527;Green zones
6.14298;35.5434;Green zones
6.1759;35.556;Green zones
6.15739;35.545;Green zones
6.14277;35.5375;Green zones
6.19099;35.5623;Green zones
6.15506;35.5348;Green zones
6.17164;35.5397;Green zones
6.16581;35.5331;Green zones
6.18113;35.5422;Green zones
6.17159;35.5347;Green zones
6.18183;35.5355;Green zones
6.17765;35.53293;Green zones
6.19215;35.54027;Green zones
6.19738;35.5348;Green zones
5.99994;35.8619;Green zones
6.64415;35.6678;Orange zones
6.2465;35.6169;Green zones
6.26401;35.4828;Green zones
6.41534;35.4327;Green zones
5.90421;35.6325;Green zones
5.61053;35.5563;Green zones
5.3796;35.3985;Green zones
5.37522;35.3946;Green zones
5.36367;35.3877;Green zones
5.37455;35.3898;Green zones
5.43733;35.4388;Green zones
5.3529;35.398;Green zones
5.38228;35.3799;Green zones
5.90023;35.3731;Green zones
6.53905;35.287;Green zones
6.30927;35.1405;Green zones
6.16423;35.5376;Green zones
6.1459;35.5376;Green zones
6.19866;35.5388;Green zones
5.6697;35.6935;Red zones
5.76681;35.3492;Green zones
6.13028;35.222;Green zones
6.16533;35.5645;Green zones
5.71073;35.3522;Green zones
6.07652;35.508;Green zones
6.2987;35.2083;Green zones
5.86052;35.2895;Green zones
5.93973;35.5257;Green zones
5.75708;35.4549;Green zones
6.0073;35.3616;Green zones
6.4868;35.6783;Green zones
6.35681;35.4552;Green zones
5.41721;35.2148;Green zones
5.28807;35.4479;Green zones
5.8559;35.7499;Red zones
5.9374;35.6092;Green zones
5.45334;35.7007;Orange zones
6.03083;35.6282;Green zones
5.89306;35.3759;Green zones
6.1848;35.5318;Green zones
5.93861;35.8016;Orange zones
6.3746;35.631;Green zones
5.90638;35.3719;Green zones
6.37862;35.5214;Green zones
5.60415;35.5554;Orange zones
6.2522;35.4845;Green zones
6.19083;35.69677;Green zones
6.03944;35.2321;Green zones
6.09384;35.2988;Green zones
6.1757;35.5396;Green zones
6.16181;35.5482;Green zones
5.61632;35.5671;Orange zones
6.41595;35.7773;Green zones
5.35311;35.392;Green zones
6.16611;35.5275;Green zones
6.17968;35.5575;Green zones
5.62753;35.5488;Green zones
5.9025;35.3801;Green zones
5.36918;35.3513;Green zones
6.3067;35.5539;Green zones
5.657;35.712;Orange zones
6.13573;35.5375;Green zones
5.99454;35.6437;Green zones
6.17666;35.5469;Green zones
6.18144;35.53296;Green zones
6.64787;35.6692;Green zones
6.36856;35.2567;Green zones
6.04439;35.1651;Green zones
6.20914;35.5933;Green zones
6.12269;35.5458;Orange zones
5.55812;35.5083;Green zones
5.57827;35.669;Orange zones
5.9999;35.5272;Green zones
6.55378;35.5694;Green zones
6.25947;35.2958;Green zones
6.23504;35.0933;Green zones
6.10613;35.0355;Green zones
5.91192;35.5759;Green zones
6.11264;35.6627;Green zones
6.40502;35.3933;Green zones
6.25251;35.1778;Green zones
6.1943;35.5656;Green zones
6.2128;35.5196;Green zones
6.14832;35.5668;Green zones
6.08616;35.5362;Green zones
6.2165;35.8136;Green zones
5.12766;35.4282;Green zones
6.2054;35.5226;Green zones
6.1348;35.5516;Green zones
5.78912;35.6665;Orange zones
5.6547;35.6773;Red zones
5.97618;35.7904;Red zones
6.2777;35.6417;Green zones
5.63247;35.6166;Orange zones
5.9022;35.6747;Green zones
6.3083;35.6616;Green zones
5.91578;35.3783;Orange zones
5.91206;35.6232;Green zones
6.20706;35.5442;Green zones
6.0965;35.5269;Green zones
6.078494;35.559397;Green zones
6.118002;35.530257;Green zones
6.16573;35.571594;Green zones
6.242043;35.495982;Green zones
6.176786;35.552221;Green zones
6.125568;35.549908;Green zones
6.391575;35.762972;Green zones
5.795102;35.27461;Green zones
6.191732;35.544915;Green zones
6.159727;35.526011;Green zones
6.25575;35.6226;Green zones
5.577048;35.446228;Green zones
5.593606;35.559962;Green zones
6.167155;35.550289;Green zones
6.152748;35.537507;Green zones
5.350705;35.384568;Green zones
6.255894435;35.61389195;Green zones
6.40055447;35.76952538;Green zones
5.684366;35.698863;Red zones
5.466478;35.712515;Green zones
6.3409;35.169199;Green zones
5.878849;35.328631;Green zones
6.211854;35.522961;Green zones
6.204446;35.53608;Green zones
6.192879;35.532741;Green zones
6.128674;35.556154;Red zones
5.367453;35.408009;Green zones
6.096012;35.541115;Green zones
6.045516;35.160579;Green zones
5.98879;35.120557;Green zones
5.296986;35.578562;Green zones
5.905701;35.638066;Red zones
5.989903;35.643473;Green zones
5.367593;35.414148;Green zones
6.01288;35.861588;Green zones
6.391453;35.63431;Green zones
6.144654;35.540932;Green zones
6.126125;35.542913;Green zones
6.276667;35.633088;Green zones
5.355712;35.363156;Green zones
6.1894;35.529824;Red zones
6.279267;35.637569;Orange zones
6.175027;35.527986;Green zones
5.520018;35.637629;Green zones
5.83737;35.142;Green zones
5.73366;35.2724;Green zones
6.03532;35.0133;Green zones
5.698911639;35.24230107;Green zones
8.1094;35.4132;Green zones
8.1174;35.4033;Green zones
8.10606;35.4002;Green zones
8.12763;35.4089;Orange zones
8.06068;34.7481;Green zones
7.75003;35.272;Green zones
8.13632;35.9464;Green zones
7.83417;35.8652;Green zones
8.00502;35.6718;Green zones
8.32661;35.4992;Green zones
8.2675;35.6503;Green zones
8.22984;35.7911;Green zones
7.88949;35.8669;Green zones
7.4699;35.1867;Green zones
8.03595;35.7526;Green zones
8.10246;35.4073;Green zones
8.12642;35.4014;Green zones
8.11874;35.4157;Green zones
7.80312;35.3708;Green zones
8.11166;35.4083;Green zones
8.17003;35.2089;Green zones
8.01505;35.6661;Green zones
8.09863;35.4008;Green zones
8.11766;35.3959;Green zones
8.10701;35.3933;Green zones
8.12845;35.4156;Green zones
8.1259;35.9505;Green zones
8.14348;35.9353;Green zones
8.05533;34.7406;Green zones
7.75606;35.2743;Green zones
8.24165;35.3733;Green zones
8.1005;35.3948;Green zones
8.08007;35.42;Green zones
8.05524;34.7573;Green zones
7.88353;35.8652;Green zones
8.06605;35.4245;Red zones
8.12236;35.3983;Green zones
8.13229;35.408;Green zones
8.03474;35.746;Green zones
7.9556;35.4591;Green zones
8.1375;35.9569;Green zones
8.07534;35.4888;Green zones
8.30123;35.0121;Green zones
7.75388;34.5986;Green zones
7.95286;35.4464;Green zones
7.75594;35.2623;Green zones
8.10783;35.4194;Green zones
8.05133;34.7621;Green zones
8.05977;35.4252;Green zones
7.75237;35.269;Green zones
7.74815;35.275;Green zones
8.13119;35.9522;Green zones
8.10209;35.3899;Green zones
8.12008;35.3921;Green zones
8.14325;35.9588;Green zones
8.06253;34.7402;Green zones
8.10768;35.404;Green zones
8.1201;35.4094;Green zones
8.13775;35.41;Green zones
8.07234;35.4202;Green zones
8.1232;35.414;Green zones
8.12615;35.4181;Orange zones
8.09505;35.3923;Green zones
8.06037;34.7329;Orange zones
7.47082;35.191;Green zones
7.41796;35.3775;Green zones
8.092049;35.41384;Green zones
8.064339;34.752595;Green zones
8.11207;35.42469;Green zones
8.070803;34.754345;Orange zones
8.090804;35.466685;Green zones
8.091293;35.399138;Green zones
8.084652;35.383932;Green zones
7.75798;35.254713;Green zones
7.760912;35.267065;Green zones
8.110451;35.400004;Green zones
7.762709;35.277971;Green zones
8.1291;35.396403;Red zones
7.945872;35.450829;Green zones
8.085264;35.418029;Green zones
8.077355;35.424262;Green zones
5.3356;31.9579;Green zones
6.466315;33.251128;Green zones
6.3945;33.1795;Green zones
6.418338;33.158869;Red zones
6.4258;33.2329;Green zones
6.4913;33.2731;Green zones
6.3778;33.2546;Green zones
6.3123;33.2819;Green zones
6.3281;33.3416;Green zones
6.4786;33.2222;Green zones
6.508817;33.114454;Green zones
6.429869;33.091952;Green zones
5.7143;33.032;Green zones
5.3284565;32.2642912;Green zones
5.452465;32.34571;Green zones
5.37124;32.12502;Green zones
6.1831;31.7911;Orange zones
6.186936;31.70706;Green zones
6.04275;31.7299;Green zones
6.05642;31.7121;Green zones
6.05683;31.6867;Green zones
6.14672;31.6732;Green zones
6.17781;31.6223;Green zones
5.39902;31.9391;Green zones
5.3409;31.9487;Green zones
5.32037;31.9582;Green zones
5.31267;31.9423;Green zones
5.05694;31.8462;Green zones
5.35163;31.9297;Green zones
6.05929;33.0975;Green zones
6.0809;33.108;Green zones
6.07169;33.1202;Green zones
5.99581;31.8781;Green zones
5.50813;32.6149;Green zones
6.08454;33.1967;Green zones
6.06421;33.2673;Green zones
6.00744;33.0096;Green zones
6.09203;33.0642;Green zones
6.06561;31.7021;Green zones
8.19936;31.0187;Green zones
6.08113;33.1334;Green zones
5.33321;31.9521;Green zones
6.04836;31.7212;Green zones
5.3176;31.9368;Green zones
5.32285;31.9468;Green zones
5.34089;31.9588;Green zones
5.30951;31.959;Green zones
6.40034;33.0834;Orange zones
6.35117;33.1265;Green zones
5.97808;32.9468;Green zones
6.07448;31.6946;Green zones
6.06345;31.6889;Green zones
5.32565;31.9626;Green zones
6.05358;31.7034;Green zones
6.05862;31.6951;Green zones
5.3065;31.9394;Green zones
6.05446;33.1068;Green zones
6.06892;33.1089;Green zones
5.88008;31.8455;Green zones
5.28394;31.9447;Green zones
5.33337;31.9434;Green zones
5.34588;31.9529;Green zones
5.42374;31.9811;Green zones
5.42483;32.6972;Green zones
6.07252;33.0967;Red zones
6.06088;33.113;Green zones
6.04689;33.0998;Green zones
5.33309;31.9326;Green zones
6.07052;31.6709;Green zones
5.32592;31.9526;Green zones
5.33897;31.9539;Green zones
5.33105;31.9566;Green zones
6.04737;33.0863;Green zones
6.07735;33.1167;Green zones
6.09283;33.2884;Green zones
5.33954;31.9398;Green zones
6.06333;31.708;Green zones
6.56833;33.1579;Green zones
5.28306;31.9847;Green zones
5.38675;31.9625;Green zones
5.32257;31.9674;Orange zones
6.06506;33.0939;Green zones
5.33213;31.9464;Green zones
5.33277;31.9782;Green zones
5.26555;31.9528;Green zones
6.07889;33.1226;Green zones
6.07438;31.6879;Green zones
6.1876;31.6281;Green zones
6.071;31.7036;Green zones
6.00517;32.9062;Green zones
6.05035;33.1226;Green zones
5.34515;31.9336;Green zones
5.38603;31.9361;Green zones
5.34502;31.9456;Green zones
8.08744;30.2694;Green zones
8.11197;30.2706;Green zones
8.0604;30.2861;Green zones
6.04427;31.742306;Green zones
5.36814;31.9244;Orange zones
8.1772;31.013;Green zones
8.1616;30.3018;Green zones
5.330922;31.967815;Green zones
5.977661;33.366611;Green zones
5.204248;31.903425;Green zones
6.04756454;33.2926831;Green zones
6.0393;33.1083;Green zones
5.34526;32.1626;Green zones
6.103141;33.060475;Green zones
6.050598;33.078282;Green zones
6.059887;33.087163;Green zones
5.339465;31.927192;Green zones
6.000216;33.021476;Green zones
6.006916;33.019159;Green zones
5.268526;31.957414;Orange zones
5.327426;31.936865;Green zones
5.35569;31.9216;Green zones
6.03934;33.118912;Green zones
7.02995;33.6013;Green zones
6.8586;33.3571;Green zones
6.8397;33.3736;Green zones
6.80157;33.4724;Green zones
6.79522;33.4927;Green zones
6.9375;33.5064;Green zones
6.99586;33.5613;Green zones
6.70855;33.5691;Green zones
6.92926;33.5627;Green zones
6.8919;33.3185;Green zones
5.9901;33.541;Orange zones
5.92313;33.9438;Green zones
5.95558;33.7337;Green zones
5.9567;33.4466;Green zones
5.83271;34.1587;Green zones
6.02895;33.6719;Green zones
6.001;33.5003;Green zones
6.90764;33.2833;Green zones
6.95616;33.4073;Green zones
6.90024;33.4757;Green zones
7.51875;33.7305;Orange zones
6.8258;33.4037;Green zones
6.71023;33.1994;Green zones
5.80852;34.17723;Green zones
6.85081;33.3679;Green zones
6.86814;33.3602;Green zones
6.80101;33.3415;Green zones
5.93986;34.0206;Green zones
6.84777;33.3743;Green zones
6.8538;33.36034;Green zones
6.86082;33.34959;Green zones
6.89058;33.3261;Green zones
6.95872;33.2603;Green zones
6.86404;33.3586;Green zones
6.86296;33.3625;Green zones
6.86809;33.3562;Green zones
6.85344;33.35324;Green zones
6.84348;33.3775;Green zones
6.88585;33.3245;Green zones
7.01575;33.58329;Green zones
6.94846;33.5544;Green zones
6.72126;33.5707;Green zones
5.99142;33.5315;Green zones
6.75613;33.2382;Green zones
5.6684;33.466;Green zones
6.89963;33.5279;Green zones
5.93446;33.8526;Green zones
6.77774;33.4059;Green zones
6.85813;33.3657;Green zones
5.92389;33.9486;Green zones
5.91729;34.2608;Green zones
7.68675;33.3736;Green zones
5.99501;33.5774;Green zones
6.02091;33.5382;Green zones
6.7456;33.5952;Green zones
5.92795;33.9498;Green zones
5.98678;33.5382;Green zones
6.79781;33.4825;Green zones
6.8692;33.3926;Green zones
6.78523;33.5496;Green zones
5.91872;33.9509;Green zones
6.79251;33.4975;Green zones
6.86836;33.3512;Green zones
5.95716;33.8366;Green zones
6.01089;33.498;Green zones
5.91998;33.957;Green zones
6.8737;33.3426;Green zones
6.8806;33.3355;Green zones
5.9725;33.5244;Green zones
6.94114;33.2858;Green zones
6.71411;33.5577;Orange zones
6.865392;33.337467;Green zones
6.880823;33.390443;Green zones
6.84565;33.36393;Green zones
6.864678;33.369087;Green zones
6.856884;33.394515;Orange zones
6.8393182;33.3579362;Green zones
6.906578;33.542312;Green zones
6.9254348;33.5746694;Red zones
5.90633425;34.3660912;Green zones
5.91750183;34.2517601;Green zones
5.93488884;33.9570817;Green zones
5.978252;33.65443;Green zones
5.97536;33.433647;Green zones
6.93442;33.532697;Green zones
6.854249999;33.37325;Green zones
6.847466;33.356516;Green zones
5.910687;33.957359;Green zones
6.846125;33.384101;Green zones
6.907509;33.479088;Green zones
5.982169;33.877676;Green zones
6.929674;33.292114;Green zones
6.915582;33.334968;Green zones
5.927976;33.955737;Green zones
6.871108;33.364288;Green zones
6.84186;33.368075;Green zones
5.931818;33.942529;Green zones
3.60663;32.28162;Green zones
3.70396;32.83916;Green zones
3.63988;31.95858;Green zones
4.48431;32.79979;Green zones
2.8013;30.38367;Green zones
3.7854;32.3699;Green zones
3.70094;32.4451;Green zones
3.67808;32.4933;Green zones
3.67359;32.4794;Green zones
3.68714;32.4974;Red zones
3.77996;32.8347;Red zones
3.7365;32.6983;Green zones
3.75085;32.4902;Red zones
3.63154;32.2652;Green zones
4.49594;32.7973;Green zones
3.65746;32.4896;Green zones
4.22529;32.3954;Green zones
2.89382;30.5973;Green zones
3.69904;32.4846;Green zones
3.66244;32.4969;Green zones
3.67716;31.6044;Orange zones
3.60815;32.5373;Green zones
4.50225;32.7929;Green zones
3.59981;32.2931;Green zones
3.75883;32.8289;Red zones
3.67831;32.4878;Green zones
3.62663;32.2806;Green zones
2.88218;30.5842;Red zones
3.64073;32.4937;Green zones
3.69516;32.4861;Green zones
2.90173;30.5557;Green zones
4.4867;32.788;Green zones
2.87821;30.596;Orange zones
3.62326;32.2641;Green zones
3.69095;32.4779;Green zones
3.68154;32.48027;Orange zones
3.7628;32.8277;Orange zones
2.88743;30.57;Green zones
3.70817;31.7256;Green zones
3.69193;32.5789;Green zones
3.68823;32.4605;Red zones
2.89896;30.5736;Green zones
3.67128;32.5169;Green zones
3.68455;32.4904;Green zones
3.74755;32.471;Green zones
3.61022;32.5194;Green zones
3.6692;32.48777;Green zones
3.647214;32.49803;Green zones
3.575385;31.441633;Green zones
3.729117;32.419637;Green zones
2.892952;30.561832;Green zones
3.637408;32.508351;Green zones
3.765154;32.385847;Green zones
3.775488;32.390481;Green zones
3.77202;32.391675;Green zones
-0.306694;27.8847;Green zones
-0.18946;27.8421;Green zones
1.399703;21.229758;Green zones
1.590681;21.25976;Green zones
-0.28339;27.875;Green zones
0.230306;29.2619;Green zones
1.09095;26.96584;Green zones
-0.28885;27.8428;Green zones
-0.285444;27.8857;Orange zones
0.178167;26.7244;Green zones
0.281472;29.2444;Green zones
-0.29837;27.8739;Red zones
-0.18892;27.2281;Green zones
-0.302861;27.6091;Green zones
0.34185;28.7017;Green zones
-0.253107;29.0262;Green zones
0.72326;29.7104;Green zones
-0.51215;29.3232;Green zones
0.049;28.7695;Green zones
-0.21613;28.3597;Green zones
-0.42564;28.0079;Green zones
-0.26976;27.763;Green zones
-0.10149;27.073;Green zones
-0.02573;26.9612;Green zones
1.37198;26.7124;Green zones
1.04084;27.0339;Green zones
0.960139;21.3303;Orange zones
0.22627;29.412;Green zones
-0.144611;28.5963;Green zones
-0.09173;29.42408;Green zones
-0.250361;27.4352;Green zones
0.375417;29.5817;Green zones
0.238722;29.2585;Green zones
-0.292528;27.8736;Green zones
0.23525;29.2664;Green zones
0.22983;29.2535;Green zones
-0.28225;27.8687;Green zones
-0.128111;27.1608;Green zones
-0.29112;27.8814;Green zones
-0.27686;27.8773;Green zones
-0.265325;27.878127;Green zones
-0.267;29.189361;Green zones
1.1865;26.998361;Green zones
-0.225194;28.329667;Green zones
-0.285392;27.907046;Green zones
0.222243;29.263322;Green zones
0.230725;29.282173;Green zones
-0.2715;27.71443;Green zones
0.1202;26.7135;Green zones
1.38703961;26.703961;Green zones
1.070649;27.017828;Green zones
-0.2253;29.4051;Green zones
0.0084;26.8624;Green zones
-0.12256;27.111878;Green zones
1.052306;27.018916;Green zones
0.030534;26.81814;Green zones
0.423575;28.666302;Green zones
-0.270048;27.865339;Green zones
-0.260526;27.877795;Green zones
-0.261206;27.88033;Green zones
-0.2825;27.882452;Green zones
-0.284316;27.89082;Green zones
-2.2217;31.6295;Green zones
-2.20583;31.6258;Green zones
-2.21542;31.6143;Green zones
-2.22969;31.5966;Green zones
-2.22814;31.5821;Green zones
-2.23437;31.5916;Green zones
-2.42847;31.5564;Green zones
-2.04569;30.9201;Green zones
-2.20744;31.6144;Green zones
-2.70817;31.0239;Green zones
-2.16964;30.1291;Green zones
-2.23211;31.6081;Green zones
-2.23253;31.5688;Green zones
-2.22708;31.6009;Green zones
-2.21447;31.6191;Green zones
-2.28701;30.3228;Green zones
-1.85217;29.861;Green zones
-2.79452;31.0345;Green zones
-2.21729;31.61;Green zones
-2.2407;31.5684;Green zones
-2.25285;31.6518;Green zones
-2.197;31.636;Green zones
-2.20534;31.62;Green zones
-2.22002;31.6002;Green zones
-1.26193;32.0494;Green zones
-2.26064;31.9123;Green zones
-0.989472;29.0545;Green zones
-1.44371;29.4553;Green zones
-1.58139;29.5645;Green zones
-1.07297;29.2536;Green zones
-2.23967;31.5991;Green zones
-1.89189;29.9134;Green zones
-2.49447;30.41156;Green zones
-2.11666;29.94234;Green zones
-1.7734;29.7553;Green zones
-1.06;29.10131;Green zones
-1.13531;29.311;Green zones
-2.22514;31.6231;Green zones
-2.21442;31.6276;Orange zones
-2.22006;31.5929;Green zones
-2.23731;31.5572;Green zones
-2.17886;31.6573;Green zones
-2.294;30.45;Green zones
-2.10076;31.7305;Green zones
-2.23699;31.6036;Green zones
-2.22176;31.6173;Green zones
-2.74485;31.0019;Green zones
-2.21927;31.6063;Green zones
-2.23707;31.6493;Orange zones
-2.19935;31.6202;Green zones
-2.23193;31.6032;Green zones
-1.49542;29.4803611;Green zones
-2.055123;30.803403;Green zones
-2.046289;30.940246;Green zones
-2.204112;31.576052;Green zones
-2.216844;31.60397;Green zones
-1.415057;29.453124;Green zones
-2.225577;31.608212;Green zones
-2.245526;31.588714;Green zones
-2.194135;31.624952;Green zones
-1.31083;34.8831;Green zones
-1.31253;34.8816;Green zones
-1.30761;34.8834;Green zones
-1.72708;34.8488;Green zones
-2.19871;35.0835;Green zones
-1.73567;34.8507;Green zones
-1.29192;34.9213;Green zones
-1.31978;34.8876;Green zones
-1.29672;34.9215;Green zones
-1.32672;34.6432;Green zones
-1.32713;34.8842;Green zones
-1.73856;34.8521;Green zones
-1.332439;34.889531;Green zones
-1.6320575;34.9927288;Green zones
-2.044438;34.94223;Green zones
-2.058619;34.950778;Green zones
-2.006123;34.9367;Orange zones
-2.0574786;35.040117;Green zones
-1.537337;34.713124;Green zones
-1.58628;34.623303;Green zones
-1.59193;34.620149;Green zones
-1.74207;34.406344;Green zones
-1.199639;34.49124;Green zones
-1.151123;34.593778;Green zones
-2.04367;35.0313;Green zones
-1.635024;35.199147;Green zones
-1.807733;35.035483;Green zones
-1.30219;34.8775;Green zones
-1.30605;34.8824;Green zones
-1.73734;34.798;Green zones
-1.31394;34.8824;Green zones
-1.51433;34.8449;Green zones
-1.31744;34.8793;Green zones
-1.3245;34.8742;Green zones
-1.33022;34.8822;Green zones
-1.33706;34.8881;Green zones
-1.33036;34.8952;Green zones
-1.31572;34.8881;Green zones
-1.29344;34.9111;Green zones
-2.10379;35.0751;Green zones
-1.31025;34.8738;Green zones
-1.34442;34.9092;Green zones
-1.72711;34.9012;Green zones
-1.31388;34.8686;Green zones
-1.36836;34.9516;Green zones
-1.45416;34.9788;Green zones
-1.43213;34.8501;Green zones
-1.80619;34.8315;Orange zones
-1.42872;35.059;Green zones
-1.72397;34.8501;Green zones
-1.72483;34.8545;Red zones
-1.7421;34.8574;Green zones
-1.52761;34.8277;Green zones
-1.75022;34.8502;Green zones
-1.7495;34.8449;Green zones
-1.03715;34.9075;Green zones
-1.69012;34.8201;Green zones
-1.74099;35.0054;Green zones
-1.74603;35.0106;Green zones
-1.65414;35.1743;Green zones
-1.52289;34.8275;Green zones
-1.76692;35.0446;Green zones
-1.87;35.0958;Orange zones
-2.20391;35.081;Green zones
-1.84847;35.0995;Green zones
-1.32136;34.9119;Green zones
-1.32992;34.6385;Green zones
-2.2013;35.0834;Green zones
-2.1003;34.9761;Green zones
-2.02861;34.9672;Green zones
-1.22471;35.0724;Green zones
-1.84392;34.7977;Green zones
-1.75433;34.6437;Green zones
-1.52528;34.8294;Green zones
-1.42353;34.8694;Green zones
-1.04244;34.9006;Green zones
-1.22947;34.878;Green zones
-1.13417;35.065;Green zones
-1.13136;34.8816;Green zones
-1.88953;35.0429;Green zones
-1.59903;35.0357;Green zones
-1.13797;35.0692;Green zones
-1.656248;35.182212;Green zones
-1.55533;35.0831;Green zones
-1.92292;34.9286;Green zones
-1.65028;34.8904;Orange zones
-1.31656;34.8911;Green zones
-1.2605;34.6692;Green zones
-1.32943;34.6339;Green zones
-1.44204;35.07342;Green zones
-1.5435;35.0143;Green zones
-1.60236;34.9503;Green zones
-1.2984;34.9251;Orange zones
-1.31808;34.8716;Green zones
-1.15531;34.6334;Green zones
-2.06513;35.0203;Green zones
-1.31644;34.7944;Green zones
-1.44748;35.0128;Green zones
-1.65742;34.0444;Green zones
-1.3243;34.886;Green zones
-1.61069;34.5789;Green zones
-1.72333;34.8469;Green zones
-1.33781;34.8817;Green zones
-1.30614;34.8851;Green zones
-1.35475;34.8807;Green zones
-1.28429;34.9354;Green zones
-1.32428;34.892;Green zones
-1.33212;34.8905;Green zones
-1.41397;35.0425;Green zones
-1.71647;34.8534;Green zones
-1.75389;34.8534;Red zones
-1.73256;34.851;Green zones
-1.860555556;35.08447222;Green zones
-1.75367;35.0122;Green zones
-1.63442;34.7739;Green zones
-1.55328;34.6589;Green zones
-1.51867;34.7091;Green zones
-1.29461;34.9216;Green zones
-1.31006;34.8815;Green zones
-1.32208;34.8837;Green zones
-1.302;34.8876;Green zones
-1.343;34.8776;Green zones
-1.36603;34.8786;Green zones
-1.29807;34.9034;Green zones
-1.32647;34.9352;Green zones
-1.33133;34.9269;Orange zones
-1.43311;35.0644;Green zones
-1.43089;35.0519;Green zones
-1.74325;34.8493;Green zones
-1.78061;34.8395;Red zones
-1.72664;34.8368;Green zones
-1.72047;34.8493;Green zones
-1.72856;34.8479;Green zones
-1.85911;35.0925;Green zones
-1.83711;35.1011;Green zones
-1.23903;35.0311;Green zones
-1.798;35.0834;Green zones
-1.46147;34.9902;Green zones
-1.76711;35.0326;Green zones
-1.63969;34.8913;Green zones
-1.323698;34.913235;Orange zones
-1.37952;35.0483;Green zones
-1.80994;34.9101;Green zones
-1.34977;34.922785;Green zones
-1.47167;35.0734;Green zones
-1.53983;35.1229;Green zones
-1.47433;34.8422;Green zones
-1.56892;34.7786;Green zones
-0.934167;35.0267;Green zones
-0.982472;35.0347;Green zones
-0.987278;34.9814;Green zones
-1.48297;34.6841;Green zones
-1.75245;35.0064;Green zones
-1.730127;34.834417;Red zones
-1.63911;34.967;Green zones
-1.83878;35.0511;Green zones
-1.90344;35.0006;Green zones
-1.91883;34.9203;Green zones
-1.940138889;34.9645;Green zones
-1.35769;35.1549;Green zones
-1.539472222;34.66272222;Green zones
-1.86883;34.9686;Green zones
-1.09281;34.9929;Green zones
-1.37631;34.947;Green zones
-1.81944;35.0632;Green zones
-1.85989;35.1009;Green zones
-1.35009;34.8825;Green zones
-1.86632;35.0943;Green zones
-2.15675;35.0706;Green zones
-1.99758;35.0731;Green zones
-1.78583;35.1148;Green zones
-1.76543;34.8454;Green zones
-1.49791;34.9618;Green zones
-1.09067;35.025;Green zones
-1.19216;34.9888;Green zones
-1.33475;34.929218;Green zones
-1.46991;34.9419;Green zones
-1.68364;34.4152;Green zones
-1.36711;34.9286;Green zones
-1.88092;35.0486;Green zones
-2.19219;35.0791;Green zones
-1.37614;35.0483;Green zones
-1.25942;34.2212;Green zones
-1.15461;34.6413;Green zones
-1.79278;34.9773;Green zones
-1.22603;34.895;Green zones
-1.08128;34.8874;Green zones
-0.975;34.9259;Green zones
-0.956028;34.9264;Green zones
-1.5876;34.9004;Green zones
-1.02615;34.9057;Green zones
-1.6916;34.808;Green zones
-1.29227;35.1166;Green zones
-1.38695;34.7106;Green zones
-1.55734;35.1754;Green zones
-1.56335;34.4451;Green zones
-1.685;34.8507;Green zones
-1.7348;34.8543;Green zones
-1.3357;34.6336;Green zones
-1.36006;34.9524;Green zones
-1.43703;35.0598;Green zones
-1.33186;34.8757;Green zones
-1.32619;34.9034;Green zones
-1.68142;34.8925;Green zones
-1.3506;34.897407;Green zones
-1.37447;34.8365;Green zones
-1.29639;34.7088;Green zones
-1.30989;34.5474;Green zones
-1.26669;34.4819;Green zones
-1.229;34.2893;Green zones
-1.89257;35.0144;Green zones
-1.65641;34.8917;Green zones
-1.22447;34.955;Green zones
-1.02573;34.8168;Green zones
-1.67304;35.0304;Green zones
-1.97659;35.0224;Green zones
-1.2834;34.8911;Green zones
-1.59945;34.8247;Green zones
-0.90252;34.4542;Green zones
-1.74231;34.7229;Green zones
-2.20546;35.059;Green zones
-1.62681;35.0639;Green zones
-1.69126;35.0797;Green zones
-2.04319;34.9764;Green zones
-1.5963;34.3437;Green zones
-1.88089;34.8684;Green zones
-1.31098;34.8903;Green zones
-1.3506;34.9102;Green zones
-1.29772;34.8802;Green zones
-1.34511;34.8856;Green zones
-1.32558;34.879;Green zones
-1.71402;34.8591;Green zones
-1.7448;34.855;Green zones
-1.36153;34.8868;Green zones
-1.76066;34.8508;Orange zones
-1.26642;34.9682;Green zones
-1.44214;34.6797;Green zones
-1.3197;34.9176;Green zones
-1.32536;34.642;Green zones
-1.53149;34.8301;Green zones
-1.727929;34.858747;Orange zones
-1.389531;34.917002;Green zones
-1.291;34.95453;Green zones
-1.034917;35.03811;Green zones
-1.5386;34.9046;Green zones
-1.74669;34.867;Green zones
-1.25232;34.929;Green zones
-1.2351;34.9835;Green zones
-1.57925;34.998;Green zones
-1.68786;34.93016;Green zones
-1.30343;34.924448;Green zones
-1.353671;34.89289;Green zones
-1.372;34.8753;Green zones
-1.350663;34.919115;Green zones
-1.32243;34.6476;Green zones
-1.934632;34.942069;Green zones
-1.86431;35.08779;Green zones
-1.436132;35.068262;Green zones
-1.299324;34.872817;Orange zones
-1.343313;34.922646;Green zones
-1.639196;35.191243;Green zones
-1.340978;34.62836;Green zones
-1.377982;34.874277;Green zones
-1.729804;34.851575;Green zones
-1.719917;34.838415;Green zones
-1.306094;34.870345;Green zones
-1.44356;35.0612;Green zones
-1.32642;34.6514;Green zones
-1.8373;35.0946;Green zones
-1.33034;34.921381;Green zones
-1.360395;34.902928;Orange zones
-1.318137;34.635784;Green zones
-1.758821;35.017419;Green zones
-1.989884;34.96526;Green zones
-1.767401;35.045084;Green zones
-1.86331;35.0511;Green zones
-1.70091;34.83568;Green zones
-1.67816;34.469702;Green zones
-1.263645;34.89729;Green zones
-1.699197;34.828661;Green zones
-1.09795;34.996109;Green zones
-1.561005;34.635902;Green zones
-1.270979;34.673644;Green zones
-1.203361;34.854306;Green zones
-1.340252;34.885402;Orange zones
-1.321126;34.875222;Green zones
-1.420715;35.042941;Green zones
-1.3685;34.9571;Green zones
-1.738944;34.848668;Red zones
-1.726194;34.851071;Green zones
-1.711115;34.856373;Green zones
-1.326031;34.894783;Green zones
-1.036183;34.898552;Green zones
-1.533076;34.833717;Green zones
-1.453333;34.924278;Green zones
-1.429901;34.914521;Green zones
-1.049141;34.899327;Green zones
-1.753756;34.648244;Green zones
-1.2772;34.9009;Green zones
-1.510902;34.929913;Green zones
-1.18555;35.004982;Green zones
-1.427413;35.050565;Orange zones
-1.6727;34.7884444;Green zones
-1.35572;35.1607222;Green zones
-1.37827;34.938051;Green zones
1.30636;35.3943;Green zones
1.31553;35.347;Green zones
1.31706;35.3667;Green zones
1.51022;35.3541;Green zones
1.47069;35.4161;Green zones
1.06672;35.0627;Green zones
1.8724;35.458;Green zones
1.7674;35.4355;Green zones
1.02703;35.5299;Green zones
1.62794;35.3974;Green zones
1.49006;35.1784;Green zones
1.54542;34.8489;Green zones
2.31661;35.2109;Green zones
0.68466;35.1074;Green zones
1.0593;35.3876;Green zones
1.97367;35.4105;Orange zones
1.20564;35.1749;Green zones
1.32439;35.3527;Green zones
1.30622;35.3787;Green zones
1.3286;35.3672;Green zones
1.31119;35.3612;Green zones
0.885361;35.0576;Green zones
1.75969;35.4302;Green zones
1.32614;35.3454;Green zones
1.49714;35.1849;Green zones
2.32361;35.2108;Green zones
1.04525;35.0614;Green zones
1.10572;34.9109;Green zones
1.23872;34.8952;Green zones
1.31325;35.3731;Green zones
1.32302;35.3604;Green zones
1.33839;35.3586;Green zones
1.49176;35.192;Green zones
1.32947;35.375;Green zones
1.32052;35.371;Green zones
1.23397;35.2512;Green zones
1.43036;35.2602;Green zones
1.66292;35.351;Green zones
2.3065;34.8895;Green zones
1.26983;35.5121;Green zones
2.11604;34.6894;Green zones
1.60022;35.4426;Green zones
1.51908;35.4703;Green zones
1.25212;35.3948;Green zones
1.63744;35.2343;Green zones
1.30219;34.897;Green zones
1.27427;35.1134;Green zones
2.48586;35.2257;Green zones
1.47931;35.0908;Green zones
1.66314;35.5256;Green zones
1.36611;35.3844;Green zones
1.17356;35.4488;Green zones
1.14592;35.4902;Green zones
1.13214;34.8027;Green zones
1.33574;35.3689;Green zones
1.3395;35.3646;Green zones
1.31312;35.35326;Green zones
1.49046;35.1872;Green zones
1.05727;35.0612;Green zones
1.04045;35.0673;Green zones
1.54943;34.8406;Green zones
2.31938;35.2075;Green zones
2.3189;35.2161;Green zones
1.87866;35.4595;Orange zones
1.47096;35.4204;Green zones
0.68044;35.1073;Green zones
1.32924;35.35647;Green zones
1.33883;35.3488;Green zones
1.313;35.3669;Green zones
1.61689;34.7372;Green zones
1.30905;35.3758;Green zones
1.75511;35.4359;Green zones
1.76567;35.4282;Green zones
1.47538;35.4174;Green zones
1.49902;35.1923;Green zones
1.49179;35.1829;Red zones
1.49446;35.1737;Green zones
1.96653;35.5533;Green zones
0.992;35.2425;Green zones
1.26977;35.0262;Green zones
1.3503;35.1951;Green zones
1.55151;34.8468;Green zones
1.31689;35.362;Green zones
1.34389;35.36342;Green zones
1.31613;35.3855;Green zones
1.22918;35.3393;Green zones
1.40008;35.5971;Green zones
0.83141;34.8622;Green zones
0.594261;35.0958;Green zones
1.2824;35.2988;Green zones
1.04623;35.0691;Green zones
2.31362;35.2143;Orange zones
1.49984;35.1807;Green zones
1.02024;35.5271;Green zones
1.33239;35.3534;Green zones
1.32772;35.37081;Green zones
1.50856;35.1811;Green zones
2.31597;35.2203;Green zones
1.11184;34.9086;Green zones
1.24266;34.8965;Green zones
1.5019;35.1982;Orange zones
1.34877;35.3665;Green zones
1.47283;35.4131;Green zones
1.31926;35.3557;Green zones
1.31305;35.37107;Orange zones
1.8698;35.4614;Green zones
1.01911;35.5316;Green zones
1.50129;35.1877;Green zones
1.51451;35.3585;Green zones
2.3088;35.2163;Green zones
1.0585;35.0662;Green zones
0.6527;35.2117;Green zones
1.30778;35.3521;Green zones
1.0123;35.161;Green zones
1.8598;35.2716;Green zones
1.33619;35.3783;Green zones
1.32314;35.3802;Green zones
1.36811;35.3866;Green zones
1.350058;35.374533;Green zones
1.3046;35.3364;Green zones
1.307021;35.345457;Green zones
1.341975;35.355684;Green zones
1.317755;35.343003;Green zones
1.506792;35.384967;Green zones
1.503326;1.503326;Green zones
1.319224;35.377875;Green zones
1.331997;35.347571;Green zones
1.345589;35.37388;Green zones
0.619743;35.128866;Green zones
1.326954;35.348874;Green zones
1.341301;35.377331;Green zones
1.346959;35.361158;Green zones
1.346959;35.361158;Orange zones
0.147639;34.8313;Green zones
0.147028;34.8353;Green zones
0.15717;34.8484;Green zones
0.108806;35.0261;Green zones
0.153389;34.8817;Green zones
0.478;34.9882;Green zones
0.0519444;35.0273;Green zones
-0.207944;34.9219;Green zones
0.384278;35.0473;Green zones
0.15468;34.8267;Green zones
0.321917;34.8242;Green zones
0.174667;34.9304;Green zones
0.141778;34.596;Green zones
0.0765556;34.4735;Green zones
-0.01907;34.8968;Green zones
0.143944;34.8465;Green zones
0.299528;34.9678;Green zones
0.0177222;34.6473;Green zones
0.258139;34.5513;Orange zones
0.143306;34.8277;Green zones
0.15436;34.8383;Green zones
0.141083;34.8343;Green zones
0.14825;34.8687;Green zones
0.156528;34.8345;Green zones
0.16394;34.9954;Green zones
0.1615;34.8495;Green zones
0.145889;34.8412;Green zones
0.151611;34.8326;Green zones
0.153889;34.8214;Green zones
0.14906;34.8282;Green zones
0.14972;34.8511;Green zones
0.145194;34.7601;Green zones
0.555389;34.9042;Green zones
0.49998;34.6808;Green zones
-0.07522;34.8923;Green zones
-0.14975;35.1199;Green zones
0.84407;34.5041;Green zones
0.15153;34.8449;Green zones
0.22441;34.8149;Green zones
0.73339;34.5945;Green zones
0.09541;34.8328;Green zones
-0.2519;34.9601;Green zones
0.13704;34.8522;Green zones
0.15696;34.8751;Green zones
0.16051;34.8325;Green zones
0.15129;34.8383;Green zones
0.48768;34.9897;Orange zones
-0.12816;34.8671;Green zones
-0.010032;34.9866;Green zones
0.32008;34.9173;Green zones
0.458111;34.8484;Green zones
0.1519;34.8478;Green zones
0.158;34.7615;Green zones
0.15171;34.8767;Green zones
0.14698;34.8321;Green zones
0.14845;34.8579;Green zones
0.01249;34.6503;Green zones
0.14328;34.8407;Green zones
0.15504;34.8532;Green zones
0.13585;34.8467;Green zones
0.14727;34.756;Green zones
0.15606;34.8427;Green zones
0.2595;34.5485;Green zones
0.16792;34.8353;Green zones
0.139917;34.7632;Orange zones
0.09469;34.79731;Green zones
-0.21191;34.9231;Green zones
0.1624;34.8548;Green zones
0.146488;34.794557;Green zones
0.147335;34.8959;Green zones
0.174448;34.846084;Green zones
0.476432;34.992376;Green zones
0.32475;34.5291;Green zones
0.1062;34.5369;Green zones
0.136885;34.859025;Green zones
-0.209539;34.9274;Green zones
-0.210064;34.918038;Green zones
0.173292;34.852821;Green zones
0.058702;35.029566;Green zones
0.226023;34.857439;Green zones
-0.633583333;35.19058333;Green zones
-0.520999;35.2452;Green zones
-0.83259;35.1014;Green zones
-0.71919;34.9474;Green zones
-0.6317;35.205;Green zones
-0.620944;35.1943;Green zones
-0.6275;35.1819;Green zones
-0.644306;35.2048;Green zones
-0.63125;35.1926;Green zones
-0.635;35.188;Green zones
-0.615028;35.2049;Green zones
-0.585639;35.1814;Green zones
-0.618889;35.1786;Green zones
-0.6485;35.1876;Green zones
-0.620667;35.2144;Green zones
-0.633139;35.21;Green zones
-0.240444;35.2364;Green zones
-0.357389;35.193;Green zones
-0.907472;34.952;Green zones
-0.698944;35.1583;Green zones
-0.569694;34.7819;Green zones
-0.546889;35.3009;Green zones
-0.4533;35.1533;Green zones
-0.538444;35.0197;Green zones
-0.725944;34.9678;Green zones
-0.644167;35.196;Green zones
-0.814778;34.4984;Orange zones
-0.512444;35.3668;Green zones
-0.427222;35.4422;Green zones
-0.612361;35.1893;Green zones
-0.640556;35.1806;Green zones
-0.63;35.2036;Green zones
-0.616111;35.1974;Green zones
-0.621972;35.1998;Green zones
-0.636972;35.2028;Green zones
-0.635111;35.2152;Green zones
-0.797278;35.0713;Green zones
-0.830056;35.1027;Green zones
-0.642167;35.1924;Green zones
-0.622556;35.2091;Green zones
-0.630028;35.1966;Green zones
-0.623944;35.1886;Green zones
-0.60344;35.1823;Green zones
-0.565611;35.2578;Green zones
-0.244139;35.2317;Green zones
-0.620056;35.2211;Green zones
-0.692194;35.1666;Green zones
-0.7215;35.0657;Green zones
-0.54822;34.8837;Green zones
-0.625778;34.8167;Green zones
-0.446833;34.7812;Green zones
-0.357917;35.0685;Green zones
-0.81972;34.5043;Green zones
-0.570417;34.7881;Green zones
-0.629944;35.1868;Green zones
-0.616556;35.1931;Green zones
-0.549167;35.1762;Green zones
-0.721583;35.1137;Green zones
-0.888417;35.0234;Green zones
-0.57319;35.2579;Green zones
-0.48131;35.4045;Green zones
-0.57063;34.7778;Green zones
-0.609056;35.2182;Green zones
-0.633667;35.1836;Green zones
-0.63354;35.19069;Green zones
-0.635944;35.1961;Green zones
-0.646611;35.2013;Green zones
-0.640028;35.2075;Green zones
-0.586139;35.1384;Green zones
-0.73569;35.02278;Green zones
-0.198857;34.4445;Green zones
-0.709;34.5863;Green zones
-0.625306;35.1961;Green zones
-0.641194;35.186;Green zones
-0.76007;34.8182;Green zones
-0.56534;34.9623;Green zones
-0.54404;35.0735;Green zones
-0.6211;35.1344;Green zones
-0.85056;35.0102;Green zones
-0.8327;34.95;Green zones
-0.65172;35.1854;Green zones
-0.64884;35.1947;Green zones
-0.62403;35.2209;Green zones
-0.6094;35.2015;Green zones
-0.62679;35.2079;Green zones
-0.78598;35.137;Green zones
-0.25866;35.3301;Green zones
-0.67591;35.2852;Green zones
-0.5038;34.4201;Green zones
-0.5531;34.5986;Green zones
-0.71819;34.6888;Green zones
-0.8308;34.4976;Green zones
-0.91561;34.9531;Green zones
-0.722;34.9495;Green zones
-0.6366;35.1843;Green zones
-0.6322;35.196;Green zones
-0.52742;35.0202;Green zones
-0.2349;35.2396;Green zones
-0.25925;35.2332;Green zones
-0.859;35.1368;Green zones
-0.6095;35.205;Green zones
-0.82419;34.4953;Green zones
-0.8175;34.4287;Green zones
-0.363;35.1909;Green zones
-0.7608;34.7009;Green zones
-0.9123;34.9468;Green zones
-0.5673;34.7913;Green zones
-0.6128;35.2149;Green zones
-0.8356;35.1061;Green zones
-0.55252;35.2963;Green zones
-0.6231;35.1745;Green zones
-0.8258;34.5018;Green zones
-0.6375;35.2209;Green zones
-0.6208;34.6772;Green zones
-0.559456;35.133364;Orange zones
-0.70979;35.194;Green zones
-0.598561;35.149071;Green zones
-0.76254;34.8229;Green zones
-0.73785;35.01805;Green zones
-0.62391;35.1916;Green zones
-0.83064;35.0845;Green zones
-0.638581;35.213184;Green zones
-0.24935;35.236694;Green zones
-0.51499;35.3696;Green zones
-0.80213;35.0703;Green zones
-0.77175;35.2438;Green zones
-0.548;34.9342;Green zones
-0.60144;35.2536;Green zones
-0.54759;35.1866;Green zones
-0.632641;35.180478;Green zones
-0.643111;35.18828;Green zones
-0.64436;35.17884;Green zones
-0.627897;35.194783;Green zones
-0.623525338;35.21220978;Green zones
-0.598561;35.199503;Green zones
-0.8272;35.1996;Green zones
0.6977;35.1637;Orange zones
-0.65087;35.209114;Green zones
-0.23145;35.236374;Green zones
-0.63021;35.22361;Green zones
-0.567408;34.77863;Green zones
-0.617001;35.20897;Green zones
-0.634091;35.200075;Green zones
-0.557946;35.177095;Green zones
-0.624823;35.141782;Green zones
-0.614889;35.222629;Green zones
-0.617588;35.215219;Green zones
-0.61791;35.18949;Green zones
-0.628842;35.200734;Green zones
-0.643046;35.2025;Green zones
-0.62735;35.21944;Green zones
-0.469725;35.316863;Green zones
-0.652976;35.202192;Green zones
-0.756929;35.171481;Green zones
-0.41767;35.44143;Green zones
-0.677661;35.216293;Green zones
-0.55804;35.30471;Green zones
-0.91652782;34.9566189;Green zones
-0.640036;35.204689;Green zones
-0.633542;35.204312;Green zones
-0.648072;35.180037;Orange zones
-0.612231;35.206827;Green zones
-0.648048;35.216513;Green zones
-0.64125;35.218059;Green zones
0.139861;35.3961;Green zones
-0.19493;35.5301;Green zones
0.143583;35.4089;Green zones
-0.0072;35.1027;Green zones
0.14861;35.3914;Green zones
0.126278;35.3952;Green zones
0.115858;35.380513;Orange zones
0.041586;35.3384;Orange zones
-0.0489167;35.3133;Green zones
0.329167;35.4194;Green zones
0.16034;35.24255;Orange zones
-0.195806;35.5316;Green zones
-0.0898056;35.5639;Orange zones
0.0691111;35.5919;Orange zones
0.279256;35.405905;Red zones
-0.256556;35.5611;Green zones
0.000888889;35.4584;Green zones
0.08625;35.1195;Green zones
0.12233;35.4036;Green zones
0.07775;35.5784;Orange zones
0.245917;35.3793;Green zones
0.342917;35.3309;Red zones
0.49072;35.36939;Red zones
0.687861;35.4514;Green zones
0.29658;35.5138;Green zones
0.66977;35.40138;Green zones
-0.007;35.22855;Orange zones
-0.043697;35.571342;Green zones
0.0730833;35.5819;Orange zones
0.147944;35.4005;Green zones
-0.18343;35.5231;Green zones
0.136278;35.3896;Green zones
0.13167;35.40653;Green zones
0.19756;35.31355;Orange zones
0.141417;35.3979;Red zones
0.069367;35.55518;Red zones
0.354222;35.0979;Green zones
0.295972;35.4634;Green zones
-0.04831;35.60636;Orange zones
-0.39741;35.45744;Green zones
-0.196611;35.5258;Green zones
0.0638056;35.5888;Orange zones
0.0796111;35.5936;Green zones
0.15175;35.4067;Green zones
0.140444;35.3934;Green zones
0.33479;35.4163;Green zones
0.161639;35.2488;Green zones
0.138389;35.4028;Green zones
0.132856;35.4002;Green zones
0.0933889;35.3824;Green zones
0.472333;35.2893;Green zones
0.213889;35.3257;Orange zones
0.295694;35.2888;Green zones
0.29796;35.1719;Green zones
0.245778;35.4824;Green zones
-0.185528;35.5293;Green zones
0.13626;35.3935;Green zones
0.335644;35.409653;Orange zones
0.013317;35.6523;Green zones
0.20398;35.6829;Green zones
0.21437;35.6308;Green zones
-0.22;35.6746;Red zones
0.3695;35.5391;Green zones
0.393722;35.457;Red zones
0.14012;35.4252;Green zones
0.07339;35.3164;Green zones
0.12372;35.3782;Green zones
-0.192167;35.527;Green zones
-0.180361;35.5281;Green zones
0.147222;35.3957;Green zones
0.331056;35.4164;Red zones
0.0728333;35.5955;Green zones
0.0643056;35.5943;Green zones
0.07201;35.58628;Green zones
0.0702222;35.5786;Orange zones
0.52079;35.4406;Green zones
0.43983;35.1512;Green zones
0.15512;35.5329;Green zones
-0.276944;35.5311;Green zones
-0.19709;35.538;Green zones
0.1567;35.40222;Green zones
0.169806;35.323028;Green zones
0.135917;35.4102;Green zones
-0.17114;35.5272;Green zones
0.162079;35.296112;Orange zones
0.207556;35.359755;Red zones
-0.21377;35.5925;Red zones
0.227806;35.0996;Green zones
-0.04924;35.3224;Green zones
0.15272;35.2434;Green zones
-0.08552;35.2948;Green zones
-0.14718;35.2856;Green zones
-0.065;35.4094;Green zones
-0.28278;35.4315;Green zones
-0.16628;35.5303;Green zones
0.32281;35.4185;Orange zones
0.13263;35.413;Green zones
0.55927;35.2692;Green zones
0.03314;35.3838;Green zones
0.12731;35.62081;Green zones
0.25771;35.509;Green zones
0.29445;35.3146;Green zones
0.33782;35.4221;Green zones
0.48892;35.3755;Green zones
0.08775;35.1107;Green zones
0.30551;35.517;Green zones
-0.41191;35.454;Orange zones
-0.1917;35.5348;Green zones
0.20075;35.4395;Green zones
0.1309;35.3865;Green zones
0.00036;35.6075;Green zones
0.33923;35.53216;Green zones
0.11247;35.62;Green zones
0.07294;35.57307;Red zones
0.14114;35.41384;Green zones
0.0754;35.5894;Green zones
0.32892;35.4128;Green zones
-0.0074;35.4573;Orange zones
-0.1917;35.5195;Green zones
0.1314;35.3038;Red zones
-0.26867;35.5827;Red zones
0.18602;35.4048;Green zones
0.34132;35.3344;Orange zones
0.12659;35.4008;Green zones
0.07931;35.5968;Green zones
-0.199757;35.532;Green zones
0.58497;35.3911;Green zones
0.12571;35.3761;Green zones
-0.04789;35.3176;Green zones
-0.17494;35.5307;Green zones
0.24569;35.4788;Green zones
0.25275;35.6392;Green zones
0.06443;35.1752;Green zones
-0.31325;35.4277;Green zones
-0.34842;35.5229;Green zones
0.12069;35.656;Green zones
-0.11734;35.5854;Green zones
-0.24482;35.43193;Green zones
0.34007;35.4169;Red zones
0.319001;35.414135;Green zones
-0.08152;35.5595;Red zones
0.06388;35.65659;Green zones
-0.1429752;35.527578;Green zones
-0.3869;35.537;Green zones
0.09055;35.59034;Green zones
0.06123;35.6242;Green zones
0.17753;35.6539;Orange zones
0.173661;35.308206;Green zones
0.148043;35.38782;Green zones
0.122439;35.396943;Green zones
0.37568;35.25362;Green zones
-0.163126;35.527149;Green zones
0.112724;35.403698;Green zones
0.1197;35.4087;Green zones
0.161534;35.400727;Green zones
0.1347;35.4171;Green zones
0.118135;35.387973;Green zones
0.136726;35.385444;Green zones
0.153752;35.40006;Red zones
0.44631;35.125566;Green zones
0.158008;35.25186;Green zones
0.136822;35.377132;Green zones
0.124657;35.391375;Green zones
0.129951;35.382548;Orange zones
0.008512;35.664749;Green zones
-0.140842;35.558923;Green zones
0.149813;35.410166;Green zones
0.359364;35.17187;Green zones
0.3169;35.3282;Green zones
0.33527;35.424987;Green zones
-0.328066;35.552632;Green zones
0.1966;35.7053;Green zones
0.094519;35.378955;Green zones
-0.205;35.526;Green zones
0.116554;35.405293;Green zones
0.118895;35.403824;Green zones
0.127705;35.416325;Green zones
0.196076;35.649088;Orange zones
1.01487;33.683;Green zones
0.62602;31.81284;Green zones
0.25915;32.32075;Green zones
-0.01681;32.73121;Green zones
1.181371;33.048836;Green zones
1.11141;33.17082;Green zones
1.205335;32.975526;Green zones
1.240178;33.168541;Green zones
1.246492;33.9963;Green zones
1.133296;33.975287;Green zones
0.16756;33.02961;Green zones
1.021618;33.757381;Green zones
1.1161;33.4948;Green zones
1.02003;33.679;Green zones
0.0889444;34.0366;Green zones
0.545083;32.8977;Green zones
0.0645556;34.1537;Green zones
1.02264;33.6873;Green zones
1.00972;33.6741;Green zones
1.03047;33.6718;Green zones
0.9284;34.0179;Green zones
1.2061;33.38;Green zones
1.42883;33.7575;Green zones
1.2645;33.1042;Green zones
0.9545;33.695;Green zones
1.13252;33.6309;Green zones
1.532;33.7354;Green zones
0.541806;33.8603;Green zones
1.22348;33.7493;Green zones
0.0916944;34.0456;Green zones
0.31363;33.648;Orange zones
0.06677;34.149;Green zones
1.01484;33.6864;Green zones
1.03089;33.6918;Orange zones
0.09554;34.03351;Green zones
1.26119;33.1282;Green zones
0.54771;32.8926;Green zones
1.0121;33.679;Red zones
0.54544;32.9028;Green zones
1.02653;33.6756;Green zones
1.0183;33.6834;Green zones
1.25835;33.0981;Green zones
1.018992;33.672525;Green zones
1.02905;33.6876;Green zones
1.0183;33.6966;Green zones
0.64523;33.8507;Green zones
1.03126;33.6802;Green zones
1.00946;33.6904;Green zones
1.036012;33.6612331;Green zones
1.01823;33.6665;Green zones
0.092406;34.0281;Green zones
0.081403;34.039612;Green zones
0.537243;32.891147;Green zones
0.55591;32.8958;Green zones
-8.15194;27.7154;Green zones
-8.13786;27.6722;Green zones
-8.14742;27.6621;Orange zones
-8.085;27.4791;Green zones
-8.12381;27.6784;Green zones
-8.12811;27.6487;Green zones
-8.10389;27.7673;Orange zones
-6.9813;28.6142;Green zones
-8.13897;27.6798;Green zones
-8.05203;27.7384;Red zones
-8.23722;27.7104;Green zones
-7.82891;27.4918;Red zones
-8.01417;27.5163;Green zones
-7.71967;28.1489;Green zones
-8.1356;27.6446;Green zones
-7.94316;27.95437;Green zones
-6.903605;28.677418;Green zones
2.13534;35.5741;Red zones
1.33461;35.71403;Green zones
-0.31325;33.2662;Green zones
-0.278028;33.545;Green zones
-0.595291;32.7613;Green zones
-0.12575;33.7639;Green zones
-0.290778;33.5486;Green zones
-0.581028;32.7615;Green zones
-0.264806;33.5493;Green zones
-0.583278;32.7531;Green zones
-0.76446;33.2916;Green zones
-0.28855;33.5436;Green zones
-0.26975;33.5478;Green zones
-0.272028;33.5374;Green zones
-0.28242;33.541;Green zones
-0.59151;32.7546;Green zones
-0.72569;33.7155;Red zones
-0.586361;32.7582;Green zones
-0.28396;33.5477;Green zones
-0.67976;33.3376;Green zones
-0.283056;33.5437;Green zones
-0.590056;32.7503;Green zones
-0.571306;32.7647;Green zones
-0.273389;33.5578;Green zones
-0.288861;33.5338;Green zones
-0.312;33.2797;Green zones
-0.275461;33.5502;Green zones
-0.2758;33.54173;Green zones
-0.26142;33.54298;Green zones
-0.605758;32.748426;Green zones
-0.25282;33.5542;Green zones
-0.28416;33.52557;Green zones
-0.5883;32.74234;Green zones
-0.255978;33.548611;Green zones
-0.281174;33.554773;Green zones
-0.573039;32.759218;Green zones
-0.322805;33.272036;Green zones
-0.278277;33.5629722;Green zones
-1.45359;35.1496;Green zones
-1.55208;35.2404;Green zones
-1.587572;35.234597;Green zones
-1.508442;35.185719;Green zones
0.24669;35.7108;Red zones
0.925638889;35.58027778;Green zones
2.96998;36.70086;Green zones
2.954561;36.752192;Green zones
3.18659;36.70572;Green zones
3.028542;36.748595;Green zones
